year,municipality_code,municipality,federal_unit,misfs,n_upf,n_upf_per,n_monitored
2022,130002,ALVARÃES,AM,D,30,81.08108108108108,37
2022,130006,AMATURÁ,AM,D,282,82.69794721407625,341
2022,130008,ANAMÃ,AM,D,215,88.84297520661157,242
2022,130010,ANORI,AM,D,52,91.22807017543859,57
2022,130014,APUÍ,AM,D,165,95.93023255813954,172
2022,130030,AUTAZES,AM,D,934,81.3588850174216,1148
2022,130060,BENJAMIN CONSTANT,AM,D,14,100,14
2022,130068,BOA VISTA DO RAMOS,AM,D,360,82.1917808219178,438
2022,130080,BORBA,AM,D,52,33.12101910828025,157
2022,130083,CAAPIRANGA,AM,D,134,83.75,160
2022,130110,CAREIRO,AM,D,281,87.53894080996885,321
2022,130115,CAREIRO DA VÁRZEA,AM,D,291,96.35761589403974,302
2022,130120,COARI,AM,D,144,83.72093023255815,172
2022,130130,CODAJÁS,AM,D,503,80.60897435897436,624
2022,130150,ENVIRA,AM,D,379,74.60629921259843,508
2022,130160,FONTE BOA,AM,D,46,97.87234042553192,47
2022,130165,GUAJARÁ,AM,D,296,93.37539432176656,317
2022,130180,IPIXUNA,AM,D,30,90.9090909090909,33
2022,130190,ITACOATIARA,AM,D,610,85.07670850767084,717
2022,130200,ITAPIRANGA,AM,D,33,94.28571428571428,35
2022,130260,MANAUS,AM,D,9353,80.7894964153062,11577
2022,130310,NOVA OLINDA DO NORTE,AM,D,453,83.73382624768946,541
2022,130330,NOVO ARIPUANÃ,AM,D,29,67.44186046511628,43
2022,130350,PAUINI,AM,D,54,100,54
2022,130356,RIO PRETO DA EVA,AM,D,243,68.83852691218131,353
2022,130370,SANTO ANTÔNIO DO IÇÁ,AM,D,1291,89.46638946638946,1443
2022,130390,SÃO PAULO DE OLIVENÇA,AM,D,467,95.89322381930184,487
2022,130400,SILVES,AM,D,10,100,10
2022,130420,TEFÉ,AM,D,31,46.26865671641791,67
2022,130430,URUCARÁ,AM,D,51,77.27272727272727,66
2022,160015,PEDRA BRANCA DO AMAPARI,AP,D,53,81.53846153846153,65
2022,160025,ITAUBAL,AP,D,65,100,65
2022,160027,LARANJAL DO JARI,AP,D,12,80,15
2022,160030,MACAPÁ,AP,D,379,93.34975369458128,406
2022,160040,MAZAGÃO,AP,D,17,100,17
2022,160070,TARTARUGALZINHO,AP,D,92,92.92929292929293,99
2022,320010,AFONSO CLÁUDIO,ES,B,216,79.41176470588235,272
2022,320020,ALEGRE,ES,B,10,76.92307692307693,13
2022,320060,ARACRUZ,ES,B,40,97.5609756097561,41
2022,320080,BAIXO GUANDU,ES,B,69,47.91666666666667,144
2022,320115,BREJETUBA,ES,B,119,93.7007874015748,127
2022,320130,CARIACICA,ES,B,2189,84.45216049382715,2592
2022,320240,GUARAPARI,ES,B,184,83.63636363636363,220
2022,320245,IBATIBA,ES,B,23,85.18518518518519,27
2022,320260,ICONHA,ES,B,12,80,15
2022,320265,IRUPI,ES,B,234,87.64044943820225,267
2022,320270,ITAGUAÇU,ES,B,171,84.65346534653465,202
2022,320305,JAGUARÉ,ES,B,10,76.92307692307693,13
2022,320313,JOÃO NEIVA,ES,B,51,89.47368421052632,57
2022,320332,MARATAÍZES,ES,B,217,83.78378378378379,259
2022,320334,MARECHAL FLORIANO,ES,B,25,92.5925925925926,27
2022,320340,MIMOSO DO SUL,ES,B,89,77.39130434782608,115
2022,320380,MUQUI,ES,B,70,92.10526315789474,76
2022,320390,NOVA VENÉCIA,ES,B,1060,77.99852832965416,1359
2022,320425,PONTO BELO,ES,B,169,80.47619047619048,210
2022,320430,PRESIDENTE KENNEDY,ES,B,41,46.06741573033708,89
2022,320435,RIO BANANAL,ES,B,13,92.85714285714286,14
2022,320455,SANTA MARIA DE JETIBÁ,ES,B,345,93.4959349593496,369
2022,320480,SÃO JOSÉ DO CALÇADO,ES,B,132,88.59060402684564,149
2022,320500,SERRA,ES,B,22,78.57142857142857,28
2022,320501,SOORETAMA,ES,B,134,93.7062937062937,143
2022,320503,VARGEM ALTA,ES,B,530,82.94209702660407,639
2022,320506,VENDA NOVA DO IMIGRANTE,ES,B,62,74.69879518072288,83
2022,320510,VIANA,ES,B,24,100,24
2022,320515,VILA PAVÃO,ES,B,266,74.09470752089136,359
2022,310010,ABADIA DOS DOURADOS,MG,B,10,100,10
2022,310020,ABAETÉ,MG,B,404,86.32478632478633,468
2022,310030,ABRE CAMPO,MG,B,198,93.39622641509435,212
2022,310040,ACAIACA,MG,B,42,93.33333333333333,45
2022,310050,AÇUCENA,MG,B,152,86.36363636363636,176
2022,310060,ÁGUA BOA,MG,B,113,84.9624060150376,133
2022,310070,ÁGUA COMPRIDA,MG,B,33,91.66666666666666,36
2022,310080,AGUANIL,MG,B,61,100,61
2022,310090,ÁGUAS FORMOSAS,MG,B,102,75,136
2022,310100,ÁGUAS VERMELHAS,MG,B,445,92.90187891440502,479
2022,310110,AIMORÉS,MG,B,82,97.61904761904762,84
2022,310120,AIURUOCA,MG,B,81,81,100
2022,310130,ALAGOA,MG,B,33,75,44
2022,310140,ALBERTINA,MG,B,43,82.6923076923077,52
2022,310150,ALÉM PARAÍBA,MG,B,293,86.1764705882353,340
2022,310163,ALFREDO VASCONCELOS,MG,B,53,92.98245614035088,57
2022,310170,ALMENARA,MG,B,60,39.21568627450981,153
2022,310190,ALPINÓPOLIS,MG,B,74,85.0574712643678,87
2022,310200,ALTEROSA,MG,B,231,91.30434782608695,253
2022,310205,ALTO CAPARAÓ,MG,B,151,98.69281045751634,153
2022,310210,ALTO RIO DOCE,MG,B,46,93.87755102040816,49
2022,310220,ALVARENGA,MG,B,14,82.35294117647058,17
2022,310230,ALVINÓPOLIS,MG,B,194,90.65420560747664,214
2022,310240,ALVORADA DE MINAS,MG,B,25,92.5925925925926,27
2022,310250,AMPARO DO SERRA,MG,B,50,96.15384615384616,52
2022,310260,ANDRADAS,MG,B,451,87.2340425531915,517
2022,310270,CACHOEIRA DE PAJEÚ,MG,B,246,96.09375,256
2022,310280,ANDRELÂNDIA,MG,B,225,87.54863813229572,257
2022,310285,ANGELÂNDIA,MG,B,231,89.53488372093024,258
2022,310290,ANTÔNIO CARLOS,MG,B,174,89.69072164948454,194
2022,310300,ANTÔNIO DIAS,MG,B,288,90.56603773584906,318
2022,310320,ARAÇAÍ,MG,B,12,100,12
2022,310340,ARAÇUAÍ,MG,B,93,83.03571428571429,112
2022,310350,ARAGUARI,MG,B,350,42.32164449818622,827
2022,310370,ARAPONGA,MG,B,37,58.730158730158735,63
2022,310375,ARAPORÃ,MG,B,34,87.17948717948718,39
2022,310380,ARAPUÁ,MG,B,46,95.83333333333334,48
2022,310390,ARAÚJOS,MG,B,41,74.54545454545455,55
2022,310400,ARAXÁ,MG,B,388,93.94673123486683,413
2022,310410,ARCEBURGO,MG,B,16,100,16
2022,310420,ARCOS,MG,B,265,84.93589743589743,312
2022,310430,AREADO,MG,B,169,86.66666666666667,195
2022,310440,ARGIRITA,MG,B,84,84.84848484848484,99
2022,310445,ARICANDUVA,MG,B,70,79.54545454545455,88
2022,310450,ARINOS,MG,B,369,77.35849056603774,477
2022,310470,ATALÉIA,MG,B,50,90.9090909090909,55
2022,310480,AUGUSTO DE LIMA,MG,B,50,73.52941176470588,68
2022,310490,BAEPENDI,MG,B,57,83.82352941176471,68
2022,310500,BALDIM,MG,B,97,84.34782608695653,115
2022,310510,BAMBUÍ,MG,B,211,90.17094017094017,234
2022,310520,BANDEIRA,MG,B,71,68.26923076923077,104
2022,310530,BANDEIRA DO SUL,MG,B,112,88.88888888888889,126
2022,310540,BARÃO DE COCAIS,MG,B,211,84.73895582329317,249
2022,310550,BARÃO DE MONTE ALTO,MG,B,52,96.29629629629629,54
2022,310560,BARBACENA,MG,B,645,82.6923076923077,780
2022,310590,BARROSO,MG,B,168,90.32258064516128,186
2022,310600,BELA VISTA DE MINAS,MG,B,291,91.50943396226415,318
2022,310610,BELMIRO BRAGA,MG,B,20,90.9090909090909,22
2022,310620,BELO HORIZONTE,MG,B,797,69.12402428447528,1153
2022,310630,BELO ORIENTE,MG,B,246,90.10989010989012,273
2022,310640,BELO VALE,MG,B,40,71.42857142857143,56
2022,310650,BERILO,MG,B,22,95.65217391304348,23
2022,310660,BERTÓPOLIS,MG,B,32,60.37735849056604,53
2022,310665,BERIZAL,MG,B,59,84.28571428571429,70
2022,310670,BETIM,MG,B,1191,86.87089715536105,1371
2022,310680,BIAS FORTES,MG,B,11,84.61538461538461,13
2022,310690,BICAS,MG,B,132,77.19298245614034,171
2022,310700,BIQUINHAS,MG,B,48,90.56603773584906,53
2022,310710,BOA ESPERANÇA,MG,B,76,88.37209302325581,86
2022,310720,BOCAINA DE MINAS,MG,B,25,86.20689655172413,29
2022,310730,BOCAIÚVA,MG,B,102,90.2654867256637,113
2022,310740,BOM DESPACHO,MG,B,232,82.26950354609929,282
2022,310750,BOM JARDIM DE MINAS,MG,B,56,87.5,64
2022,310760,BOM JESUS DA PENHA,MG,B,76,73.7864077669903,103
2022,310780,BOM JESUS DO GALHO,MG,B,284,89.0282131661442,319
2022,310790,BOM REPOUSO,MG,B,430,95.13274336283186,452
2022,310800,BOM SUCESSO,MG,B,36,83.72093023255815,43
2022,310810,BONFIM,MG,B,20,100,20
2022,310820,BONFINÓPOLIS DE MINAS,MG,B,100,87.71929824561403,114
2022,310825,BONITO DE MINAS,MG,B,278,84.49848024316108,329
2022,310830,BORDA DA MATA,MG,B,53,94.64285714285714,56
2022,310850,BOTUMIRIM,MG,B,35,74.46808510638297,47
2022,310855,BRASILÂNDIA DE MINAS,MG,B,71,85.54216867469879,83
2022,310860,BRASÍLIA DE MINAS,MG,B,74,75.51020408163265,98
2022,310870,BRÁS PIRES,MG,B,11,78.57142857142857,14
2022,310880,BRAÚNAS,MG,B,11,91.66666666666666,12
2022,310890,BRAZÓPOLIS,MG,B,111,81.02189781021897,137
2022,310900,BRUMADINHO,MG,B,393,89.31818181818181,440
2022,310910,BUENO BRANDÃO,MG,B,116,77.85234899328859,149
2022,310920,BUENÓPOLIS,MG,B,96,93.20388349514563,103
2022,310925,BUGRE,MG,B,69,90.78947368421053,76
2022,310930,BURITIS,MG,B,125,67.20430107526882,186
2022,310940,BURITIZEIRO,MG,B,830,85.39094650205762,972
2022,310945,CABECEIRA GRANDE,MG,B,28,58.333333333333336,48
2022,310950,CABO VERDE,MG,B,162,86.63101604278076,187
2022,310960,CACHOEIRA DA PRATA,MG,B,72,88.88888888888889,81
2022,310970,CACHOEIRA DE MINAS,MG,B,88,80,110
2022,310980,CACHOEIRA DOURADA,MG,B,40,95.23809523809523,42
2022,311000,CAETÉ,MG,B,78,92.85714285714286,84
2022,311020,CAJURI,MG,B,40,88.88888888888889,45
2022,311030,CALDAS,MG,B,298,94.6031746031746,315
2022,311060,CAMBUÍ,MG,B,189,85.9090909090909,220
2022,311070,CAMBUQUIRA,MG,B,38,73.07692307692307,52
2022,311080,CAMPANÁRIO,MG,B,22,88,25
2022,311090,CAMPANHA,MG,B,88,89.79591836734694,98
2022,311100,CAMPESTRE,MG,B,102,85.71428571428571,119
2022,311110,CAMPINA VERDE,MG,B,241,83.97212543554006,287
2022,311115,CAMPO AZUL,MG,B,24,92.3076923076923,26
2022,311120,CAMPO BELO,MG,B,620,87.6944837340877,707
2022,311130,CAMPO DO MEIO,MG,B,180,77.25321888412017,233
2022,311140,CAMPO FLORIDO,MG,B,19,95,20
2022,311150,CAMPOS ALTOS,MG,B,186,93.46733668341709,199
2022,311160,CAMPOS GERAIS,MG,B,232,85.92592592592592,270
2022,311170,CANAÃ,MG,B,45,76.27118644067797,59
2022,311180,CANÁPOLIS,MG,B,284,83.77581120943954,339
2022,311190,CANA VERDE,MG,B,32,96.96969696969697,33
2022,311200,CANDEIAS,MG,B,124,93.23308270676691,133
2022,311205,CANTAGALO,MG,B,26,100,26
2022,311210,CAPARAÓ,MG,B,66,94.28571428571428,70
2022,311220,CAPELA NOVA,MG,B,75,83.33333333333334,90
2022,311230,CAPELINHA,MG,B,474,69.2982456140351,684
2022,311240,CAPETINGA,MG,B,44,88,50
2022,311250,CAPIM BRANCO,MG,B,44,93.61702127659575,47
2022,311260,CAPINÓPOLIS,MG,B,301,80.0531914893617,376
2022,311270,CAPITÃO ENÉAS,MG,B,219,85.88235294117646,255
2022,311280,CAPITÓLIO,MG,B,14,87.5,16
2022,311290,CAPUTIRA,MG,B,231,78.30508474576271,295
2022,311300,CARAÍ,MG,B,116,78.37837837837837,148
2022,311310,CARANAÍBA,MG,B,51,56.666666666666664,90
2022,311320,CARANDAÍ,MG,B,303,90.44776119402985,335
2022,311330,CARANGOLA,MG,B,129,88.96551724137932,145
2022,311340,CARATINGA,MG,B,37,58.730158730158735,63
2022,311350,CARBONITA,MG,B,79,68.69565217391305,115
2022,311360,CAREAÇU,MG,B,12,8.053691275167784,149
2022,311370,CARLOS CHAGAS,MG,B,247,77.67295597484278,318
2022,311390,CARMO DA CACHOEIRA,MG,B,32,91.42857142857143,35
2022,311400,CARMO DA MATA,MG,B,173,94.53551912568307,183
2022,311410,CARMO DE MINAS,MG,B,404,94.83568075117371,426
2022,311420,CARMO DO CAJURU,MG,B,95,74.80314960629921,127
2022,311430,CARMO DO PARANAÍBA,MG,B,149,87.13450292397661,171
2022,311440,CARMO DO RIO CLARO,MG,B,86,90.52631578947368,95
2022,311450,CARMÓPOLIS DE MINAS,MG,B,184,77.31092436974791,238
2022,311455,CARNEIRINHO,MG,B,26,96.29629629629629,27
2022,311460,CARRANCAS,MG,B,41,85.41666666666666,48
2022,311480,CARVALHOS,MG,B,124,95.38461538461539,130
2022,311490,CASA GRANDE,MG,B,30,88.23529411764706,34
2022,311500,CASCALHO RICO,MG,B,27,100,27
2022,311510,CÁSSIA,MG,B,18,81.81818181818183,22
2022,311530,CATAGUASES,MG,B,49,89.0909090909091,55
2022,311540,CATAS ALTAS DA NORUEGA,MG,B,55,54.45544554455446,101
2022,311545,CATUJI,MG,B,227,93.80165289256198,242
2022,311547,CATUTI,MG,B,49,90.74074074074075,54
2022,311550,CAXAMBU,MG,B,28,96.55172413793103,29
2022,311570,CENTRAL DE MINAS,MG,B,15,57.692307692307686,26
2022,311580,CENTRALINA,MG,B,251,91.94139194139194,273
2022,311590,CHÁCARA,MG,B,32,100,32
2022,311600,CHALÉ,MG,B,17,94.44444444444444,18
2022,311610,CHAPADA DO NORTE,MG,B,234,82.68551236749117,283
2022,311615,CHAPADA GAÚCHA,MG,B,44,67.6923076923077,65
2022,311620,CHIADOR,MG,B,21,100,21
2022,311630,CIPOTÂNEA,MG,B,114,87.6923076923077,130
2022,311640,CLARAVAL,MG,B,46,90.19607843137256,51
2022,311650,CLARO DOS POÇÕES,MG,B,46,80.7017543859649,57
2022,311660,CLÁUDIO,MG,B,54,83.07692307692308,65
2022,311670,COIMBRA,MG,B,115,73.71794871794873,156
2022,311680,COLUNA,MG,B,69,75,92
2022,311690,COMENDADOR GOMES,MG,B,52,89.65517241379311,58
2022,311710,CONCEIÇÃO DA APARECIDA,MG,B,52,96.29629629629629,54
2022,311720,CONCEIÇÃO DAS PEDRAS,MG,B,81,96.42857142857143,84
2022,311730,CONCEIÇÃO DAS ALAGOAS,MG,B,93,95.87628865979381,97
2022,311740,CONCEIÇÃO DE IPANEMA,MG,B,28,66.66666666666666,42
2022,311750,CONCEIÇÃO DO MATO DENTRO,MG,B,185,82.58928571428571,224
2022,311760,CONCEIÇÃO DO PARÁ,MG,B,42,70,60
2022,311770,CONCEIÇÃO DO RIO VERDE,MG,B,253,93.7037037037037,270
2022,311780,CONCEIÇÃO DOS OUROS,MG,B,50,83.33333333333334,60
2022,311783,CÔNEGO MARINHO,MG,B,143,94.70198675496688,151
2022,311787,CONFINS,MG,B,38,52.054794520547944,73
2022,311790,CONGONHAL,MG,B,87,87,100
2022,311800,CONGONHAS,MG,B,50,76.92307692307693,65
2022,311810,CONGONHAS DO NORTE,MG,B,58,68.23529411764706,85
2022,311820,CONQUISTA,MG,B,25,80.64516129032258,31
2022,311830,CONSELHEIRO LAFAIETE,MG,B,760,77.00101317122594,987
2022,311840,CONSELHEIRO PENA,MG,B,116,96.66666666666667,120
2022,311850,CONSOLAÇÃO,MG,B,46,100,46
2022,311860,CONTAGEM,MG,B,603,93.7791601866252,643
2022,311870,COQUEIRAL,MG,B,259,98.10606060606061,264
2022,311880,CORAÇÃO DE JESUS,MG,B,190,91.78743961352657,207
2022,311910,CORINTO,MG,B,167,79.52380952380952,210
2022,311920,COROACI,MG,B,115,95.83333333333334,120
2022,311930,COROMANDEL,MG,B,301,88.52941176470588,340
2022,311940,CORONEL FABRICIANO,MG,B,95,88.78504672897196,107
2022,311950,CORONEL MURTA,MG,B,56,74.66666666666667,75
2022,311960,CORONEL PACHECO,MG,B,41,83.6734693877551,49
2022,311970,CORONEL XAVIER CHAVES,MG,B,55,83.33333333333334,66
2022,311995,CÓRREGO FUNDO,MG,B,49,90.74074074074075,54
2022,312000,CÓRREGO NOVO,MG,B,31,79.48717948717949,39
2022,312010,COUTO DE MAGALHÃES DE MINAS,MG,B,68,81.92771084337349,83
2022,312015,CRISÓLITA,MG,B,125,73.09941520467837,171
2022,312020,CRISTAIS,MG,B,102,94.44444444444444,108
2022,312030,CRISTÁLIA,MG,B,95,82.6086956521739,115
2022,312040,CRISTIANO OTONI,MG,B,10,76.92307692307693,13
2022,312050,CRISTINA,MG,B,42,97.67441860465115,43
2022,312060,CRUCILÂNDIA,MG,B,60,76.92307692307693,78
2022,312070,CRUZEIRO DA FORTALEZA,MG,B,22,73.33333333333333,30
2022,312080,CRUZÍLIA,MG,B,419,81.51750972762646,514
2022,312083,CUPARAQUE,MG,B,38,52.77777777777778,72
2022,312087,CURRAL DE DENTRO,MG,B,54,94.73684210526315,57
2022,312090,CURVELO,MG,B,222,89.1566265060241,249
2022,312100,DATAS,MG,B,67,88.1578947368421,76
2022,312110,DELFIM MOREIRA,MG,B,126,88.11188811188812,143
2022,312120,DELFINÓPOLIS,MG,B,28,84.84848484848484,33
2022,312125,DELTA,MG,B,52,100,52
2022,312130,DESCOBERTO,MG,B,47,74.60317460317461,63
2022,312140,DESTERRO DE ENTRE RIOS,MG,B,199,83.61344537815127,238
2022,312150,DESTERRO DO MELO,MG,B,26,81.25,32
2022,312160,DIAMANTINA,MG,B,191,72.6235741444867,263
2022,312170,DIOGO DE VASCONCELOS,MG,B,70,87.5,80
2022,312180,DIONÍSIO,MG,B,60,86.95652173913044,69
2022,312190,DIVINÉSIA,MG,B,105,90.51724137931035,116
2022,312200,DIVINO,MG,B,189,92.19512195121952,205
2022,312210,DIVINO DAS LARANJEIRAS,MG,B,13,61.904761904761905,21
2022,312220,DIVINOLÂNDIA DE MINAS,MG,B,10,83.33333333333334,12
2022,312230,DIVINÓPOLIS,MG,B,632,85.06056527590849,743
2022,312235,DIVISA ALEGRE,MG,B,188,85.84474885844749,219
2022,312240,DIVISA NOVA,MG,B,46,86.79245283018868,53
2022,312247,DOM BOSCO,MG,B,90,77.58620689655173,116
2022,312250,DOM CAVATI,MG,B,29,90.625,32
2022,312260,DOM JOAQUIM,MG,B,171,89.0625,192
2022,312270,DOM SILVÉRIO,MG,B,64,95.52238805970148,67
2022,312280,DOM VIÇOSO,MG,B,57,82.6086956521739,69
2022,312290,DONA EUSÉBIA,MG,B,36,94.73684210526315,38
2022,312300,DORES DE CAMPOS,MG,B,35,57.377049180327866,61
2022,312310,DORES DE GUANHÃES,MG,B,77,90.58823529411765,85
2022,312320,DORES DO INDAIÁ,MG,B,68,87.17948717948718,78
2022,312330,DORES DO TURVO,MG,B,90,87.37864077669903,103
2022,312340,DORESÓPOLIS,MG,B,52,98.11320754716981,53
2022,312350,DOURADOQUARA,MG,B,31,88.57142857142857,35
2022,312352,DURANDÉ,MG,B,60,82.1917808219178,73
2022,312360,ELÓI MENDES,MG,B,147,79.03225806451613,186
2022,312370,ENGENHEIRO CALDAS,MG,B,109,92.37288135593221,118
2022,312380,ENGENHEIRO NAVARRO,MG,B,116,67.44186046511628,172
2022,312385,ENTRE FOLHAS,MG,B,56,70.88607594936708,79
2022,312390,ENTRE RIOS DE MINAS,MG,B,213,76.07142857142857,280
2022,312400,ERVÁLIA,MG,B,196,77.77777777777779,252
2022,312410,ESMERALDAS,MG,B,82,73.21428571428571,112
2022,312420,ESPERA FELIZ,MG,B,28,90.32258064516128,31
2022,312430,ESPINOSA,MG,B,393,85.62091503267973,459
2022,312440,ESPÍRITO SANTO DO DOURADO,MG,B,130,89.65517241379311,145
2022,312450,ESTIVA,MG,B,281,91.23376623376623,308
2022,312460,ESTRELA DALVA,MG,B,11,91.66666666666666,12
2022,312470,ESTRELA DO INDAIÁ,MG,B,30,54.54545454545454,55
2022,312480,ESTRELA DO SUL,MG,B,61,63.541666666666664,96
2022,312490,EUGENÓPOLIS,MG,B,108,97.2972972972973,111
2022,312510,EXTREMA,MG,B,89,91.75257731958763,97
2022,312540,FELÍCIO DOS SANTOS,MG,B,73,75.25773195876289,97
2022,312550,SÃO GONÇALO DO RIO PRETO,MG,B,23,65.71428571428571,35
2022,312560,FELISBURGO,MG,B,58,69.04761904761905,84
2022,312570,FELIXLÂNDIA,MG,B,101,45.2914798206278,223
2022,312580,FERNANDES TOURINHO,MG,B,88,97.77777777777777,90
2022,312590,FERROS,MG,B,70,89.74358974358975,78
2022,312595,FERVEDOURO,MG,B,175,86.63366336633663,202
2022,312610,FORMIGA,MG,B,104,88.88888888888889,117
2022,312620,FORMOSO,MG,B,135,62.7906976744186,215
2022,312640,FORTUNA DE MINAS,MG,B,20,68.96551724137932,29
2022,312650,FRANCISCO BADARÓ,MG,B,36,85.71428571428571,42
2022,312660,FRANCISCO DUMONT,MG,B,111,83.45864661654136,133
2022,312670,FRANCISCO SÁ,MG,B,374,77.11340206185568,485
2022,312675,FRANCISCÓPOLIS,MG,B,112,88.18897637795276,127
2022,312690,FREI INOCÊNCIO,MG,B,61,91.04477611940298,67
2022,312695,FREI LAGONEGRO,MG,B,16,88.88888888888889,18
2022,312705,FRONTEIRA DOS VALES,MG,B,37,90.2439024390244,41
2022,312710,FRUTAL,MG,B,144,43.24324324324324,333
2022,312720,FUNILÂNDIA,MG,B,28,84.84848484848484,33
2022,312730,GALILÉIA,MG,B,49,98,50
2022,312733,GAMELEIRAS,MG,B,31,56.36363636363636,55
2022,312735,GLAUCILÂNDIA,MG,B,42,93.33333333333333,45
2022,312737,GOIABEIRA,MG,B,75,65.21739130434783,115
2022,312738,GOIANÁ,MG,B,46,80.7017543859649,57
2022,312750,GONZAGA,MG,B,27,64.28571428571429,42
2022,312760,GOUVEIA,MG,B,306,82.70270270270271,370
2022,312770,GOVERNADOR VALADARES,MG,B,213,97.70642201834863,218
2022,312780,GRÃO MOGOL,MG,B,212,86.1788617886179,246
2022,312800,GUANHÃES,MG,B,781,86.01321585903084,908
2022,312810,GUAPÉ,MG,B,418,89.89247311827957,465
2022,312820,GUARACIABA,MG,B,92,100,92
2022,312825,GUARACIAMA,MG,B,34,89.47368421052632,38
2022,312830,GUARANÉSIA,MG,B,240,94.11764705882352,255
2022,312840,GUARANI,MG,B,81,68.64406779661016,118
2022,312860,GUARDA-MOR,MG,B,53,94.64285714285714,56
2022,312870,GUAXUPÉ,MG,B,74,87.05882352941177,85
2022,312880,GUIDOVAL,MG,B,192,86.87782805429865,221
2022,312890,GUIMARÂNIA,MG,B,30,100,30
2022,312900,GUIRICEMA,MG,B,67,89.33333333333333,75
2022,312910,GURINHATÃ,MG,B,76,89.41176470588236,85
2022,312920,HELIODORA,MG,B,124,86.11111111111111,144
2022,312930,IAPU,MG,B,174,94.05405405405406,185
2022,312940,IBERTIOGA,MG,B,60,77.92207792207793,77
2022,312950,IBIÁ,MG,B,29,100,29
2022,312960,IBIAÍ,MG,B,83,79.8076923076923,104
2022,312965,IBIRACATU,MG,B,75,91.46341463414635,82
2022,312970,IBIRACI,MG,B,25,80.64516129032258,31
2022,312980,IBIRITÉ,MG,B,377,90.8433734939759,415
2022,312990,IBITIÚRA DE MINAS,MG,B,13,92.85714285714286,14
2022,313005,ICARAÍ DE MINAS,MG,B,18,85.71428571428571,21
2022,313010,IGARAPÉ,MG,B,15,75,20
2022,313020,IGARATINGA,MG,B,77,64.16666666666667,120
2022,313030,IGUATAMA,MG,B,39,100,39
2022,313050,ILICÍNEA,MG,B,340,93.92265193370166,362
2022,313055,IMBÉ DE MINAS,MG,B,187,85.77981651376146,218
2022,313060,INCONFIDENTES,MG,B,14,87.5,16
2022,313070,INDIANÓPOLIS,MG,B,37,97.36842105263158,38
2022,313090,INHAPIM,MG,B,325,77.19714964370546,421
2022,313100,INHAÚMA,MG,B,16,100,16
2022,313110,INIMUTABA,MG,B,29,67.44186046511628,43
2022,313115,IPABA,MG,B,90,90.9090909090909,99
2022,313120,IPANEMA,MG,B,60,70.58823529411765,85
2022,313130,IPATINGA,MG,B,1967,69.33380331335918,2837
2022,313140,IPIAÇU,MG,B,125,93.28358208955224,134
2022,313150,IPUIÚNA,MG,B,179,87.3170731707317,205
2022,313160,IRAÍ DE MINAS,MG,B,32,88.88888888888889,36
2022,313170,ITABIRA,MG,B,261,87.29096989966555,299
2022,313180,ITABIRINHA,MG,B,48,87.27272727272727,55
2022,313190,ITABIRITO,MG,B,75,80.64516129032258,93
2022,313220,ITAGUARA,MG,B,12,100,12
2022,313230,ITAIPÉ,MG,B,136,86.07594936708861,158
2022,313240,ITAJUBÁ,MG,B,850,85.85858585858585,990
2022,313250,ITAMARANDIBA,MG,B,131,34.748010610079575,377
2022,313260,ITAMARATI DE MINAS,MG,B,24,100,24
2022,313270,ITAMBACURI,MG,B,276,90.19607843137256,306
2022,313290,ITAMOGI,MG,B,150,95.54140127388536,157
2022,313300,ITAMONTE,MG,B,35,94.5945945945946,37
2022,313310,ITANHANDU,MG,B,282,87.03703703703704,324
2022,313320,ITANHOMI,MG,B,83,94.31818181818183,88
2022,313340,ITAPAGIPE,MG,B,42,85.71428571428571,49
2022,313350,ITAPECERICA,MG,B,45,95.74468085106383,47
2022,313360,ITAPEVA,MG,B,211,82.74509803921568,255
2022,313375,ITAÚ DE MINAS,MG,B,42,80.76923076923077,52
2022,313380,ITAÚNA,MG,B,1018,88.29141370338249,1153
2022,313390,ITAVERAVA,MG,B,64,67.36842105263158,95
2022,313400,ITINGA,MG,B,301,73.59413202933986,409
2022,313410,ITUETA,MG,B,99,90,110
2022,313420,ITUIUTABA,MG,B,561,90.63004846526655,619
2022,313440,ITURAMA,MG,B,213,88.75,240
2022,313450,ITUTINGA,MG,B,61,87.14285714285714,70
2022,313470,JACINTO,MG,B,20,66.66666666666666,30
2022,313480,JACUÍ,MG,B,64,83.11688311688312,77
2022,313490,JACUTINGA,MG,B,11,68.75,16
2022,313500,JAGUARAÇU,MG,B,30,88.23529411764706,34
2022,313505,JAÍBA,MG,B,1381,87.79402415766052,1573
2022,313510,JANAÚBA,MG,B,1154,82.13523131672598,1405
2022,313520,JANUÁRIA,MG,B,207,84.8360655737705,244
2022,313530,JAPARAÍBA,MG,B,30,81.08108108108108,37
2022,313535,JAPONVAR,MG,B,11,73.33333333333333,15
2022,313540,JECEABA,MG,B,97,87.38738738738738,111
2022,313545,JENIPAPO DE MINAS,MG,B,70,90.9090909090909,77
2022,313550,JEQUERI,MG,B,109,81.34328358208955,134
2022,313560,JEQUITAÍ,MG,B,45,100,45
2022,313570,JEQUITIBÁ,MG,B,51,85,60
2022,313580,JEQUITINHONHA,MG,B,184,82.14285714285714,224
2022,313590,JESUÂNIA,MG,B,70,94.5945945945946,74
2022,313600,JOAÍMA,MG,B,58,98.30508474576271,59
2022,313610,JOANÉSIA,MG,B,116,89.92248062015504,129
2022,313620,JOÃO MONLEVADE,MG,B,61,87.14285714285714,70
2022,313630,JOÃO PINHEIRO,MG,B,687,90.27595269382391,761
2022,313640,JOAQUIM FELÍCIO,MG,B,69,75,92
2022,313652,JOSÉ GONÇALVES DE MINAS,MG,B,82,89.13043478260869,92
2022,313657,JOSENÓPOLIS,MG,B,65,97.01492537313433,67
2022,313660,NOVA UNIÃO,MG,B,27,84.375,32
2022,313665,JUATUBA,MG,B,64,84.21052631578947,76
2022,313670,JUIZ DE FORA,MG,B,111,86.04651162790698,129
2022,313680,JURAMENTO,MG,B,91,92.85714285714286,98
2022,313690,JURUAIA,MG,B,22,91.66666666666666,24
2022,313700,LADAINHA,MG,B,437,100,437
2022,313710,LAGAMAR,MG,B,87,83.65384615384616,104
2022,313730,LAGOA DOS PATOS,MG,B,22,81.48148148148148,27
2022,313740,LAGOA DOURADA,MG,B,36,81.81818181818183,44
2022,313750,LAGOA FORMOSA,MG,B,105,82.03125,128
2022,313753,LAGOA GRANDE,MG,B,99,88.39285714285714,112
2022,313760,LAGOA SANTA,MG,B,257,77.64350453172206,331
2022,313770,LAJINHA,MG,B,459,95.82463465553236,479
2022,313780,LAMBARI,MG,B,193,81.09243697478992,238
2022,313790,LAMIM,MG,B,83,85.56701030927834,97
2022,313810,LASSANCE,MG,B,62,83.78378378378379,74
2022,313820,LAVRAS,MG,B,156,90.69767441860465,172
2022,313830,LEANDRO FERREIRA,MG,B,86,91.48936170212765,94
2022,313835,LEME DO PRADO,MG,B,38,90.47619047619048,42
2022,313850,LIBERDADE,MG,B,30,96.7741935483871,31
2022,313860,LIMA DUARTE,MG,B,52,73.23943661971832,71
2022,313862,LIMEIRA DO OESTE,MG,B,56,84.84848484848484,66
2022,313865,LONTRA,MG,B,112,78.87323943661971,142
2022,313868,LUISLÂNDIA,MG,B,63,92.64705882352942,68
2022,313870,LUMINÁRIAS,MG,B,56,83.5820895522388,67
2022,313880,LUZ,MG,B,113,84.9624060150376,133
2022,313890,MACHACALIS,MG,B,84,89.36170212765957,94
2022,313900,MACHADO,MG,B,651,88.09201623815967,739
2022,313910,MADRE DE DEUS DE MINAS,MG,B,25,86.20689655172413,29
2022,313920,MALACACHETA,MG,B,222,67.88990825688074,327
2022,313925,MAMONAS,MG,B,21,100,21
2022,313930,MANGA,MG,B,66,68.04123711340206,97
2022,313940,MANHUAÇU,MG,B,585,87.31343283582089,670
2022,313950,MANHUMIRIM,MG,B,21,77.77777777777779,27
2022,313960,MANTENA,MG,B,25,65.78947368421053,38
2022,313970,MARAVILHAS,MG,B,23,100,23
2022,313980,MAR DE ESPANHA,MG,B,48,64,75
2022,313990,MARIA DA FÉ,MG,B,399,86.36363636363636,462
2022,314000,MARIANA,MG,B,35,94.5945945945946,37
2022,314010,MARILAC,MG,B,77,87.5,88
2022,314020,MARIPÁ DE MINAS,MG,B,17,80.95238095238095,21
2022,314030,MARLIÉRIA,MG,B,44,89.79591836734694,49
2022,314050,MARTINHO CAMPOS,MG,B,145,86.30952380952381,168
2022,314053,MARTINS SOARES,MG,B,28,87.5,32
2022,314060,MATERLÂNDIA,MG,B,100,90.9090909090909,110
2022,314070,MATEUS LEME,MG,B,210,87.86610878661088,239
2022,314080,MATIAS BARBOSA,MG,B,57,96.61016949152543,59
2022,314085,MATIAS CARDOSO,MG,B,26,83.87096774193549,31
2022,314090,MATIPÓ,MG,B,88,82.2429906542056,107
2022,314100,MATO VERDE,MG,B,253,94.05204460966543,269
2022,314130,MEDEIROS,MG,B,51,87.93103448275862,58
2022,314140,MEDINA,MG,B,44,69.84126984126983,63
2022,314150,MENDES PIMENTEL,MG,B,25,69.44444444444444,36
2022,314160,MERCÊS,MG,B,135,90.60402684563759,149
2022,314170,MESQUITA,MG,B,142,95.30201342281879,149
2022,314180,MINAS NOVAS,MG,B,656,84.5360824742268,776
2022,314200,MIRABELA,MG,B,129,73.29545454545455,176
2022,314210,MIRADOURO,MG,B,123,86.61971830985915,142
2022,314220,MIRAÍ,MG,B,14,77.77777777777779,18
2022,314225,MIRAVÂNIA,MG,B,20,54.054054054054056,37
2022,314230,MOEDA,MG,B,23,88.46153846153845,26
2022,314250,MONJOLOS,MG,B,41,93.18181818181817,44
2022,314270,MONTALVÂNIA,MG,B,29,100,29
2022,314280,MONTE ALEGRE DE MINAS,MG,B,114,91.93548387096774,124
2022,314290,MONTE AZUL,MG,B,303,70.13888888888889,432
2022,314300,MONTE BELO,MG,B,28,22.76422764227642,123
2022,314310,MONTE CARMELO,MG,B,199,83.61344537815127,238
2022,314320,MONTE SANTO DE MINAS,MG,B,45,70.3125,64
2022,314330,MONTES CLAROS,MG,B,3683,80.76754385964912,4560
2022,314340,MONTE SIÃO,MG,B,172,80.75117370892019,213
2022,314345,MONTEZUMA,MG,B,108,67.08074534161491,161
2022,314350,MORADA NOVA DE MINAS,MG,B,22,95.65217391304348,23
2022,314360,MORRO DA GARÇA,MG,B,10,90.9090909090909,11
2022,314370,MORRO DO PILAR,MG,B,10,33.33333333333333,30
2022,314380,MUNHOZ,MG,B,98,96.07843137254902,102
2022,314390,MURIAÉ,MG,B,657,84.88372093023256,774
2022,314400,MUTUM,MG,B,424,86.1788617886179,492
2022,314410,MUZAMBINHO,MG,B,205,85.41666666666666,240
2022,314420,NACIP RAYDAN,MG,B,16,57.14285714285714,28
2022,314430,NANUQUE,MG,B,237,72.92307692307692,325
2022,314437,NATALÂNDIA,MG,B,11,78.57142857142857,14
2022,314440,NATÉRCIA,MG,B,63,88.73239436619718,71
2022,314450,NAZARENO,MG,B,37,27.819548872180448,133
2022,314460,NEPOMUCENO,MG,B,117,91.40625,128
2022,314465,NINHEIRA,MG,B,177,80.45454545454545,220
2022,314467,NOVA BELÉM,MG,B,97,94.1747572815534,103
2022,314470,NOVA ERA,MG,B,98,92.45283018867924,106
2022,314480,NOVA LIMA,MG,B,43,69.35483870967742,62
2022,314490,NOVA MÓDICA,MG,B,94,70.67669172932331,133
2022,314500,NOVA PONTE,MG,B,282,87.03703703703704,324
2022,314505,NOVA PORTEIRINHA,MG,B,34,89.47368421052632,38
2022,314510,NOVA RESENDE,MG,B,71,52.59259259259259,135
2022,314520,NOVA SERRANA,MG,B,303,50.24875621890548,603
2022,314530,NOVO CRUZEIRO,MG,B,185,85.25345622119815,217
2022,314535,NOVO ORIENTE DE MINAS,MG,B,130,73.03370786516854,178
2022,314537,NOVORIZONTE,MG,B,25,60.97560975609756,41
2022,314545,OLHOS-D'ÁGUA,MG,B,94,81.03448275862068,116
2022,314550,OLÍMPIO NORONHA,MG,B,24,96,25
2022,314560,OLIVEIRA,MG,B,372,88.99521531100478,418
2022,314580,ONÇA DE PITANGUI,MG,B,22,81.48148148148148,27
2022,314585,ORATÓRIOS,MG,B,46,95.83333333333334,48
2022,314587,ORIZÂNIA,MG,B,10,90.9090909090909,11
2022,314590,OURO BRANCO,MG,B,414,79.61538461538461,520
2022,314600,OURO FINO,MG,B,104,96.29629629629629,108
2022,314610,OURO PRETO,MG,B,19,82.6086956521739,23
2022,314620,OURO VERDE DE MINAS,MG,B,88,71.54471544715447,123
2022,314625,PADRE CARVALHO,MG,B,40,88.88888888888889,45
2022,314630,PADRE PARAÍSO,MG,B,300,77.31958762886599,388
2022,314640,PAINEIRAS,MG,B,38,79.16666666666666,48
2022,314650,PAINS,MG,B,98,77.16535433070865,127
2022,314655,PAI PEDRO,MG,B,37,77.08333333333334,48
2022,314660,PAIVA,MG,B,28,90.32258064516128,31
2022,314675,PALMÓPOLIS,MG,B,17,100,17
2022,314690,PAPAGAIOS,MG,B,11,91.66666666666666,12
2022,314700,PARACATU,MG,B,504,88.57644991212655,569
2022,314710,PARÁ DE MINAS,MG,B,62,88.57142857142857,70
2022,314720,PARAGUAÇU,MG,B,74,59.199999999999996,125
2022,314730,PARAISÓPOLIS,MG,B,64,88.88888888888889,72
2022,314740,PARAOPEBA,MG,B,38,84.44444444444444,45
2022,314770,PASSA TEMPO,MG,B,39,95.1219512195122,41
2022,314780,PASSA-VINTE,MG,B,10,100,10
2022,314790,PASSOS,MG,B,46,63.013698630136986,73
2022,314795,PATIS,MG,B,20,68.96551724137932,29
2022,314800,PATOS DE MINAS,MG,B,285,90.76433121019109,314
2022,314810,PATROCÍNIO,MG,B,986,89.96350364963503,1096
2022,314820,PATROCÍNIO DO MURIAÉ,MG,B,53,91.37931034482759,58
2022,314830,PAULA CÂNDIDO,MG,B,35,83.33333333333334,42
2022,314840,PAULISTAS,MG,B,114,78.62068965517241,145
2022,314850,PAVÃO,MG,B,27,87.09677419354838,31
2022,314860,PEÇANHA,MG,B,407,95.99056603773585,424
2022,314870,PEDRA AZUL,MG,B,199,87.66519823788546,227
2022,314875,PEDRA BONITA,MG,B,87,84.46601941747572,103
2022,314880,PEDRA DO ANTA,MG,B,21,75,28
2022,314890,PEDRA DO INDAIÁ,MG,B,82,84.5360824742268,97
2022,314900,PEDRA DOURADA,MG,B,53,91.37931034482759,58
2022,314910,PEDRALVA,MG,B,357,89.69849246231156,398
2022,314915,PEDRAS DE MARIA DA CRUZ,MG,B,72,86.74698795180723,83
2022,314920,PEDRINÓPOLIS,MG,B,32,86.48648648648648,37
2022,314930,PEDRO LEOPOLDO,MG,B,10,83.33333333333334,12
2022,314950,PEQUERI,MG,B,16,94.11764705882352,17
2022,314960,PEQUI,MG,B,25,86.20689655172413,29
2022,314970,PERDIGÃO,MG,B,61,96.82539682539682,63
2022,314980,PERDIZES,MG,B,248,71.46974063400576,347
2022,314995,PERIQUITO,MG,B,67,88.1578947368421,76
2022,315000,PESCADOR,MG,B,15,88.23529411764706,17
2022,315015,PIEDADE DE CARATINGA,MG,B,133,77.77777777777779,171
2022,315020,PIEDADE DE PONTE NOVA,MG,B,90,90,100
2022,315030,PIEDADE DO RIO GRANDE,MG,B,50,78.125,64
2022,315040,PIEDADE DOS GERAIS,MG,B,17,70.83333333333334,24
2022,315050,PIMENTA,MG,B,70,79.54545454545455,88
2022,315053,PINGO-D'ÁGUA,MG,B,74,98.66666666666667,75
2022,315057,PINTÓPOLIS,MG,B,139,89.6774193548387,155
2022,315060,PIRACEMA,MG,B,32,80,40
2022,315070,PIRAJUBA,MG,B,72,91.13924050632912,79
2022,315080,PIRANGA,MG,B,343,79.95337995337995,429
2022,315090,PIRANGUÇU,MG,B,66,91.66666666666666,72
2022,315100,PIRANGUINHO,MG,B,111,90.2439024390244,123
2022,315110,PIRAPETINGA,MG,B,124,86.11111111111111,144
2022,315120,PIRAPORA,MG,B,232,81.40350877192982,285
2022,315130,PIRAÚBA,MG,B,341,94.98607242339833,359
2022,315140,PITANGUI,MG,B,92,60.9271523178808,151
2022,315150,PIUMHI,MG,B,726,87.36462093862815,831
2022,315160,PLANURA,MG,B,24,100,24
2022,315170,POÇO FUNDO,MG,B,62,83.78378378378379,74
2022,315180,POÇOS DE CALDAS,MG,B,23,8.333333333333332,276
2022,315190,POCRANE,MG,B,121,91.66666666666666,132
2022,315200,POMPÉU,MG,B,19,90.47619047619048,21
2022,315210,PONTE NOVA,MG,B,258,83.49514563106796,309
2022,315213,PONTO CHIQUE,MG,B,46,80.7017543859649,57
2022,315220,PORTEIRINHA,MG,B,400,68.14310051107326,587
2022,315230,PORTO FIRME,MG,B,99,72.79411764705883,136
2022,315240,POTÉ,MG,B,145,69.71153846153845,208
2022,315250,POUSO ALEGRE,MG,B,2068,90.18752725686873,2293
2022,315260,POUSO ALTO,MG,B,44,83.01886792452831,53
2022,315270,PRADOS,MG,B,115,71.42857142857143,161
2022,315280,PRATA,MG,B,547,90.86378737541528,602
2022,315310,PRESIDENTE BERNARDES,MG,B,51,91.07142857142857,56
2022,315320,PRESIDENTE JUSCELINO,MG,B,39,81.25,48
2022,315330,PRESIDENTE KUBITSCHEK,MG,B,24,85.71428571428571,28
2022,315340,PRESIDENTE OLEGÁRIO,MG,B,134,89.33333333333333,150
2022,315360,PRUDENTE DE MORAIS,MG,B,103,90.35087719298247,114
2022,315370,QUARTEL GERAL,MG,B,43,100,43
2022,315390,RAPOSOS,MG,B,113,85.60606060606061,132
2022,315400,RAUL SOARES,MG,B,184,79.65367965367966,231
2022,315410,RECREIO,MG,B,97,92.38095238095238,105
2022,315420,RESENDE COSTA,MG,B,51,73.91304347826086,69
2022,315430,RESPLENDOR,MG,B,108,67.9245283018868,159
2022,315440,RESSAQUINHA,MG,B,17,70.83333333333334,24
2022,315445,RIACHINHO,MG,B,154,80.20833333333334,192
2022,315450,RIACHO DOS MACHADOS,MG,B,190,86.36363636363636,220
2022,315460,RIBEIRÃO DAS NEVES,MG,B,408,87.55364806866953,466
2022,315470,RIBEIRÃO VERMELHO,MG,B,86,92.47311827956989,93
2022,315480,RIO ACIMA,MG,B,106,92.17391304347827,115
2022,315490,RIO CASCA,MG,B,369,92.4812030075188,399
2022,315500,RIO DOCE,MG,B,66,84.61538461538461,78
2022,315510,RIO DO PRADO,MG,B,111,81.02189781021897,137
2022,315520,RIO ESPERA,MG,B,22,75.86206896551724,29
2022,315540,RIO NOVO,MG,B,23,88.46153846153845,26
2022,315550,RIO PARANAÍBA,MG,B,145,88.95705521472392,163
2022,315560,RIO PARDO DE MINAS,MG,B,828,75.54744525547446,1096
2022,315570,RIO PIRACICABA,MG,B,44,74.57627118644068,59
2022,315580,RIO POMBA,MG,B,63,84,75
2022,315590,RIO PRETO,MG,B,45,90,50
2022,315600,RIO VERMELHO,MG,B,76,82.6086956521739,92
2022,315610,RITÁPOLIS,MG,B,22,75.86206896551724,29
2022,315620,ROCHEDO DE MINAS,MG,B,11,91.66666666666666,12
2022,315630,RODEIRO,MG,B,125,93.28358208955224,134
2022,315640,ROMARIA,MG,B,57,90.47619047619048,63
2022,315645,ROSÁRIO DA LIMEIRA,MG,B,14,87.5,16
2022,315650,RUBELITA,MG,B,102,89.47368421052632,114
2022,315660,RUBIM,MG,B,45,86.53846153846155,52
2022,315670,SABARÁ,MG,B,35,97.22222222222221,36
2022,315680,SABINÓPOLIS,MG,B,264,80.48780487804879,328
2022,315690,SACRAMENTO,MG,B,64,50.79365079365079,126
2022,315700,SALINAS,MG,B,340,75.89285714285714,448
2022,315710,SALTO DA DIVISA,MG,B,150,89.28571428571429,168
2022,315720,SANTA BÁRBARA,MG,B,25,86.20689655172413,29
2022,315725,SANTA BÁRBARA DO LESTE,MG,B,162,76.41509433962264,212
2022,315727,SANTA BÁRBARA DO MONTE VERDE,MG,B,68,100,68
2022,315733,SANTA CRUZ DE MINAS,MG,B,22,75.86206896551724,29
2022,315740,SANTA CRUZ DO ESCALVADO,MG,B,56,88.88888888888889,63
2022,315750,SANTA EFIGÊNIA DE MINAS,MG,B,42,76.36363636363637,55
2022,315760,SANTA FÉ DE MINAS,MG,B,82,91.11111111111111,90
2022,315765,SANTA HELENA DE MINAS,MG,B,118,68.20809248554913,173
2022,315770,SANTA JULIANA,MG,B,14,51.85185185185185,27
2022,315780,SANTA LUZIA,MG,B,1746,86.8224763799105,2011
2022,315790,SANTA MARGARIDA,MG,B,587,85.44395924308587,687
2022,315800,SANTA MARIA DE ITABIRA,MG,B,38,88.37209302325581,43
2022,315810,SANTA MARIA DO SALTO,MG,B,129,90.84507042253522,142
2022,315820,SANTA MARIA DO SUAÇUÍ,MG,B,26,83.87096774193549,31
2022,315830,SANTANA DA VARGEM,MG,B,75,87.20930232558139,86
2022,315840,SANTANA DE CATAGUASES,MG,B,16,100,16
2022,315850,SANTANA DE PIRAPAMA,MG,B,32,29.629629629629626,108
2022,315860,SANTANA DO DESERTO,MG,B,38,80.85106382978722,47
2022,315880,SANTANA DO JACARÉ,MG,B,74,81.31868131868131,91
2022,315890,SANTANA DO MANHUAÇU,MG,B,69,83.13253012048193,83
2022,315895,SANTANA DO PARAÍSO,MG,B,317,88.54748603351955,358
2022,315900,SANTANA DO RIACHO,MG,B,39,82.97872340425532,47
2022,315910,SANTANA DOS MONTES,MG,B,13,86.66666666666667,15
2022,315920,SANTA RITA DE CALDAS,MG,B,78,75,104
2022,315935,SANTA RITA DE MINAS,MG,B,116,90.625,128
2022,315940,SANTA RITA DE IBITIPOCA,MG,B,75,89.28571428571429,84
2022,315950,SANTA RITA DO ITUETO,MG,B,23,85.18518518518519,27
2022,315960,SANTA RITA DO SAPUCAÍ,MG,B,41,70.6896551724138,58
2022,315970,SANTA ROSA DA SERRA,MG,B,19,86.36363636363636,22
2022,315980,SANTA VITÓRIA,MG,B,582,92.82296650717703,627
2022,315990,SANTO ANTÔNIO DO AMPARO,MG,B,217,84.765625,256
2022,316000,SANTO ANTÔNIO DO AVENTUREIRO,MG,B,29,93.54838709677419,31
2022,316010,SANTO ANTÔNIO DO GRAMA,MG,B,31,65.95744680851064,47
2022,316020,SANTO ANTÔNIO DO ITAMBÉ,MG,B,35,92.10526315789474,38
2022,316030,SANTO ANTÔNIO DO JACINTO,MG,B,118,92.1875,128
2022,316040,SANTO ANTÔNIO DO MONTE,MG,B,104,62.65060240963856,166
2022,316045,SANTO ANTÔNIO DO RETIRO,MG,B,110,89.43089430894308,123
2022,316060,SANTO HIPÓLITO,MG,B,63,90,70
2022,316070,SANTOS DUMONT,MG,B,47,94,50
2022,316080,SÃO BENTO ABADE,MG,B,146,83.9080459770115,174
2022,316090,SÃO BRÁS DO SUAÇUÍ,MG,B,73,81.11111111111111,90
2022,316095,SÃO DOMINGOS DAS DORES,MG,B,47,90.38461538461539,52
2022,316100,SÃO DOMINGOS DO PRATA,MG,B,112,73.20261437908496,153
2022,316110,SÃO FRANCISCO,MG,B,244,79.47882736156352,307
2022,316120,SÃO FRANCISCO DE PAULA,MG,B,20,90.9090909090909,22
2022,316130,SÃO FRANCISCO DE SALES,MG,B,13,72.22222222222221,18
2022,316140,SÃO FRANCISCO DO GLÓRIA,MG,B,68,80.95238095238095,84
2022,316160,SÃO GERALDO DA PIEDADE,MG,B,26,96.29629629629629,27
2022,316165,SÃO GERALDO DO BAIXIO,MG,B,41,100,41
2022,316170,SÃO GONÇALO DO ABAETÉ,MG,B,125,83.89261744966443,149
2022,316180,SÃO GONÇALO DO PARÁ,MG,B,31,88.57142857142857,35
2022,316200,SÃO GONÇALO DO SAPUCAÍ,MG,B,225,83.64312267657994,269
2022,316220,SÃO JOÃO BATISTA DO GLÓRIA,MG,B,34,100,34
2022,316230,SÃO JOÃO DA MATA,MG,B,52,92.85714285714286,56
2022,316240,SÃO JOÃO DA PONTE,MG,B,372,84.54545454545455,440
2022,316245,SÃO JOÃO DAS MISSÕES,MG,B,12,30,40
2022,316255,SÃO JOÃO DO MANHUAÇU,MG,B,20,100,20
2022,316257,SÃO JOÃO DO MANTENINHA,MG,B,12,80,15
2022,316265,SÃO JOÃO DO PACUÍ,MG,B,13,100,13
2022,316270,SÃO JOÃO DO PARAÍSO,MG,B,43,82.6923076923077,52
2022,316280,SÃO JOÃO EVANGELISTA,MG,B,236,85.5072463768116,276
2022,316290,SÃO JOÃO NEPOMUCENO,MG,B,312,87.64044943820225,356
2022,316292,SÃO JOAQUIM DE BICAS,MG,B,112,75.67567567567568,148
2022,316295,SÃO JOSÉ DA LAPA,MG,B,35,85.36585365853658,41
2022,316320,SÃO JOSÉ DO ALEGRE,MG,B,13,100,13
2022,316330,SÃO JOSÉ DO DIVINO,MG,B,120,94.48818897637796,127
2022,316340,SÃO JOSÉ DO GOIABAL,MG,B,12,70.58823529411765,17
2022,316350,SÃO JOSÉ DO JACURI,MG,B,45,76.27118644067797,59
2022,316360,SÃO JOSÉ DO MANTIMENTO,MG,B,97,98.9795918367347,98
2022,316370,SÃO LOURENÇO,MG,B,362,84.38228438228438,429
2022,316380,SÃO MIGUEL DO ANTA,MG,B,39,84.78260869565217,46
2022,316390,SÃO PEDRO DA UNIÃO,MG,B,12,85.71428571428571,14
2022,316420,SÃO ROMÃO,MG,B,73,33.95348837209302,215
2022,316430,SÃO ROQUE DE MINAS,MG,B,23,63.888888888888886,36
2022,316440,SÃO SEBASTIÃO DA BELA VISTA,MG,B,97,60.24844720496895,161
2022,316443,SÃO SEBASTIÃO DA VARGEM ALEGRE,MG,B,86,96.62921348314607,89
2022,316447,SÃO SEBASTIÃO DO ANTA,MG,B,23,76.66666666666667,30
2022,316450,SÃO SEBASTIÃO DO MARANHÃO,MG,B,108,78.83211678832117,137
2022,316460,SÃO SEBASTIÃO DO OESTE,MG,B,130,91.54929577464789,142
2022,316470,SÃO SEBASTIÃO DO PARAÍSO,MG,B,524,79.8780487804878,656
2022,316490,SÃO SEBASTIÃO DO RIO VERDE,MG,B,30,93.75,32
2022,316500,SÃO TIAGO,MG,B,51,100,51
2022,316510,SÃO TOMÁS DE AQUINO,MG,B,165,87.7659574468085,188
2022,316520,SÃO THOMÉ DAS LETRAS,MG,B,69,89.6103896103896,77
2022,316530,SÃO VICENTE DE MINAS,MG,B,43,93.47826086956522,46
2022,316540,SAPUCAÍ-MIRIM,MG,B,15,100,15
2022,316550,SARDOÁ,MG,B,20,58.82352941176471,34
2022,316553,SARZEDO,MG,B,49,92.45283018867924,53
2022,316555,SETUBINHA,MG,B,15,93.75,16
2022,316557,SENADOR AMARAL,MG,B,93,93,100
2022,316570,SENADOR FIRMINO,MG,B,228,89.0625,256
2022,316590,SENADOR MODESTINO GONÇALVES,MG,B,58,80.55555555555556,72
2022,316600,SENHORA DE OLIVEIRA,MG,B,79,80.61224489795919,98
2022,316610,SENHORA DO PORTO,MG,B,19,100,19
2022,316620,SENHORA DOS REMÉDIOS,MG,B,25,96.15384615384616,26
2022,316630,SERICITA,MG,B,246,96.47058823529412,255
2022,316640,SERITINGA,MG,B,59,98.33333333333333,60
2022,316650,SERRA AZUL DE MINAS,MG,B,89,89.8989898989899,99
2022,316660,SERRA DA SAUDADE,MG,B,12,85.71428571428571,14
2022,316670,SERRA DOS AIMORÉS,MG,B,62,96.875,64
2022,316680,SERRA DO SALITRE,MG,B,93,93.93939393939394,99
2022,316690,SERRANIA,MG,B,149,87.6470588235294,170
2022,316695,SERRANÓPOLIS DE MINAS,MG,B,10,52.63157894736842,19
2022,316700,SERRANOS,MG,B,35,85.36585365853658,41
2022,316710,SERRO,MG,B,75,78.94736842105263,95
2022,316720,SETE LAGOAS,MG,B,1454,85.8323494687131,1694
2022,316730,SILVEIRÂNIA,MG,B,13,65,20
2022,316760,SIMONÉSIA,MG,B,61,93.84615384615384,65
2022,316770,SOBRÁLIA,MG,B,52,75.36231884057972,69
2022,316780,SOLEDADE DE MINAS,MG,B,17,65.38461538461539,26
2022,316790,TABULEIRO,MG,B,133,89.26174496644296,149
2022,316800,TAIOBEIRAS,MG,B,172,72.88135593220339,236
2022,316805,TAPARUBA,MG,B,43,91.48936170212765,47
2022,316820,TAPIRAÍ,MG,B,14,93.33333333333333,15
2022,316830,TAQUARAÇU DE MINAS,MG,B,41,83.6734693877551,49
2022,316840,TARUMIRIM,MG,B,322,89.19667590027701,361
2022,316850,TEIXEIRAS,MG,B,12,92.3076923076923,13
2022,316860,TEÓFILO OTONI,MG,B,78,76.47058823529412,102
2022,316870,TIMÓTEO,MG,B,318,92.17391304347827,345
2022,316880,TIRADENTES,MG,B,70,61.94690265486725,113
2022,316890,TIROS,MG,B,61,77.21518987341773,79
2022,316900,TOCANTINS,MG,B,59,83.09859154929578,71
2022,316905,TOCOS DO MOJI,MG,B,56,87.5,64
2022,316910,TOLEDO,MG,B,150,94.33962264150944,159
2022,316930,TRÊS CORAÇÕES,MG,B,313,88.6685552407932,353
2022,316935,TRÊS MARIAS,MG,B,48,90.56603773584906,53
2022,316940,TRÊS PONTAS,MG,B,205,83.33333333333334,246
2022,316950,TUMIRITINGA,MG,B,144,78.68852459016394,183
2022,316960,TUPACIGUARA,MG,B,152,85.87570621468926,177
2022,316970,TURMALINA,MG,B,541,83.23076923076923,650
2022,316980,TURVOLÂNDIA,MG,B,37,51.388888888888886,72
2022,316990,UBÁ,MG,B,164,76.99530516431925,213
2022,317000,UBAÍ,MG,B,151,91.51515151515152,165
2022,317005,UBAPORANGA,MG,B,331,75.39863325740319,439
2022,317010,UBERABA,MG,B,245,92.8030303030303,264
2022,317020,UBERLÂNDIA,MG,B,296,92.21183800623052,321
2022,317030,UMBURATIBA,MG,B,24,88.88888888888889,27
2022,317040,UNAÍ,MG,B,919,86.9441816461684,1057
2022,317043,UNIÃO DE MINAS,MG,B,35,97.22222222222221,36
2022,317047,URUANA DE MINAS,MG,B,66,84.61538461538461,78
2022,317050,URUCÂNIA,MG,B,38,86.36363636363636,44
2022,317052,URUCUIA,MG,B,70,36.26943005181347,193
2022,317057,VARGEM ALEGRE,MG,B,143,84.61538461538461,169
2022,317060,VARGEM BONITA,MG,B,12,80,15
2022,317065,VARGEM GRANDE DO RIO PARDO,MG,B,158,79.39698492462311,199
2022,317070,VARGINHA,MG,B,723,89.59107806691449,807
2022,317075,VARJÃO DE MINAS,MG,B,129,88.96551724137932,145
2022,317080,VÁRZEA DA PALMA,MG,B,198,99.49748743718592,199
2022,317090,VARZELÂNDIA,MG,B,382,88.63109048723898,431
2022,317100,VAZANTE,MG,B,71,95.94594594594594,74
2022,317103,VERDELÂNDIA,MG,B,37,80.43478260869566,46
2022,317107,VEREDINHA,MG,B,69,69.6969696969697,99
2022,317115,VERMELHO NOVO,MG,B,85,97.70114942528735,87
2022,317130,VIÇOSA,MG,B,855,75.06584723441615,1139
2022,317150,MATHIAS LOBATO,MG,B,80,98.76543209876543,81
2022,317160,VIRGEM DA LAPA,MG,B,117,96.69421487603306,121
2022,317170,VIRGÍNIA,MG,B,127,81.93548387096774,155
2022,317180,VIRGINÓPOLIS,MG,B,213,83.203125,256
2022,317190,VIRGOLÂNDIA,MG,B,29,72.5,40
2022,317200,VISCONDE DO RIO BRANCO,MG,B,926,86.62301216089804,1069
2022,317210,VOLTA GRANDE,MG,B,45,75,60
2022,317220,WENCESLAU BRAZ,MG,B,37,94.87179487179486,39
2022,150010,ABAETETUBA,PA,D,38,74.50980392156863,51
2022,150030,AFUÁ,PA,D,33,75,44
2022,150034,ÁGUA AZUL DO NORTE,PA,D,73,89.02439024390245,82
2022,150050,ALMEIRIM,PA,D,44,97.77777777777777,45
2022,150060,ALTAMIRA,PA,D,426,89.1213389121339,478
2022,150080,ANANINDEUA,PA,D,82,78.0952380952381,105
2022,150090,AUGUSTO CORRÊA,PA,D,534,76.72413793103449,696
2022,150100,AVEIRO,PA,D,118,94.39999999999999,125
2022,150120,BAIÃO,PA,D,28,70,40
2022,150130,BARCARENA,PA,D,475,71.96969696969697,660
2022,150140,BELÉM,PA,D,57,82.6086956521739,69
2022,150150,BENEVIDES,PA,D,23,69.6969696969697,33
2022,150170,BRAGANÇA,PA,D,201,88.54625550660793,227
2022,150178,BREU BRANCO,PA,D,36,92.3076923076923,39
2022,150190,BUJARU,PA,D,114,75.49668874172185,151
2022,150210,CAMETÁ,PA,D,435,86.65338645418326,502
2022,150215,CANAÃ DOS CARAJÁS,PA,D,290,83.8150289017341,346
2022,150220,CAPANEMA,PA,D,17,73.91304347826086,23
2022,150240,CASTANHAL,PA,D,228,71.92429022082018,317
2022,150270,CONCEIÇÃO DO ARAGUAIA,PA,D,232,72.5,320
2022,150275,CONCÓRDIA DO PARÁ,PA,D,45,86.53846153846155,52
2022,150276,CUMARU DO NORTE,PA,D,43,62.31884057971014,69
2022,150285,CURUÁ,PA,D,33,89.1891891891892,37
2022,150290,CURUÇÁ,PA,D,16,47.05882352941176,34
2022,150295,ELDORADO DOS CARAJÁS,PA,D,41,87.2340425531915,47
2022,150300,FARO,PA,D,167,85.20408163265306,196
2022,150304,FLORESTA DO ARAGUAIA,PA,D,461,81.73758865248227,564
2022,150309,GOIANÉSIA DO PARÁ,PA,D,10,90.9090909090909,11
2022,150320,IGARAPÉ-AÇU,PA,D,191,78.60082304526749,243
2022,150340,INHANGAPI,PA,D,11,100,11
2022,150360,ITAITUBA,PA,D,869,84.04255319148936,1034
2022,150370,ITUPIRANGA,PA,D,181,78.35497835497836,231
2022,150375,JACAREACANGA,PA,D,18,85.71428571428571,21
2022,150390,JURUTI,PA,D,15,55.55555555555556,27
2022,150400,LIMOEIRO DO AJURU,PA,D,189,80.08474576271186,236
2022,150405,MÃE DO RIO,PA,D,43,91.48936170212765,47
2022,150420,MARABÁ,PA,D,67,84.81012658227847,79
2022,150440,MARAPANIM,PA,D,91,81.25,112
2022,150442,MARITUBA,PA,D,48,88.88888888888889,54
2022,150445,MEDICILÂNDIA,PA,D,39,90.69767441860465,43
2022,150460,MOCAJUBA,PA,D,63,88.73239436619718,71
2022,150475,MOJUÍ DOS CAMPOS,PA,D,22,75.86206896551724,29
2022,150480,MONTE ALEGRE,PA,D,15,100,15
2022,150503,NOVO PROGRESSO,PA,D,105,87.5,120
2022,150510,ÓBIDOS,PA,D,211,84.39999999999999,250
2022,150520,OEIRAS DO PARÁ,PA,D,19,86.36363636363636,22
2022,150530,ORIXIMINÁ,PA,D,189,94.9748743718593,199
2022,150540,OURÉM,PA,D,19,79.16666666666666,24
2022,150543,OURILÂNDIA DO NORTE,PA,D,11,91.66666666666666,12
2022,150548,PACAJÁ,PA,D,19,70.37037037037037,27
2022,150550,PARAGOMINAS,PA,D,81,79.41176470588235,102
2022,150553,PARAUAPEBAS,PA,D,122,87.76978417266187,139
2022,150555,PAU D'ARCO,PA,D,49,84.48275862068965,58
2022,150565,PLACAS,PA,D,105,88.98305084745762,118
2022,150570,PONTA DE PEDRAS,PA,D,31,88.57142857142857,35
2022,150580,PORTEL,PA,D,29,85.29411764705883,34
2022,150590,PORTO DE MOZ,PA,D,85,75.89285714285714,112
2022,150600,PRAINHA,PA,D,310,85.16483516483517,364
2022,150613,REDENÇÃO,PA,D,528,93.95017793594306,562
2022,150619,RURÓPOLIS,PA,D,25,100,25
2022,150650,SANTA IZABEL DO PARÁ,PA,D,44,83.01886792452831,53
2022,150658,SANTA MARIA DAS BARREIRAS,PA,D,100,90.09009009009009,111
2022,150670,SANTANA DO ARAGUAIA,PA,D,1025,91.7636526410027,1117
2022,150680,SANTARÉM,PA,D,342,78.62068965517241,435
2022,150690,SANTARÉM NOVO,PA,D,29,72.5,40
2022,150710,SÃO CAETANO DE ODIVELAS,PA,D,11,68.75,16
2022,150720,SÃO DOMINGOS DO CAPIM,PA,D,30,73.17073170731707,41
2022,150747,SÃO JOÃO DE PIRABAS,PA,D,153,78.46153846153847,195
2022,150760,SÃO MIGUEL DO GUAMÁ,PA,D,158,88.76404494382022,178
2022,150775,SAPUCAIA,PA,D,107,90.67796610169492,118
2022,150796,TERRA ALTA,PA,D,31,67.3913043478261,46
2022,150800,TOMÉ-AÇU,PA,D,40,86.95652173913044,46
2022,150803,TRACUATEUA,PA,D,13,72.22222222222221,18
2022,150805,TRAIRÃO,PA,D,42,91.30434782608695,46
2022,150808,TUCUMÃ,PA,D,446,91.02040816326532,490
2022,150810,TUCURUÍ,PA,D,174,95.08196721311475,183
2022,150812,ULIANÓPOLIS,PA,D,530,85.20900321543408,622
2022,150820,VIGIA,PA,D,10,71.42857142857143,14
2022,150835,VITÓRIA DO XINGU,PA,D,242,85.2112676056338,284
2022,150840,XINGUARA,PA,D,61,96.82539682539682,63
2022,410030,AGUDOS DO SUL,PR,B,106,99.06542056074767,107
2022,410045,ALTAMIRA DO PARANÁ,PR,B,52,94.54545454545455,55
2022,410140,APUCARANA,PR,B,22,81.48148148148148,27
2022,410160,ARAPOTI,PR,B,45,71.42857142857143,63
2022,410180,ARAUCÁRIA,PR,B,23,88.46153846153845,26
2022,410210,ASTORGA,PR,B,288,87.00906344410876,331
2022,410220,ATALAIA,PR,B,57,82.6086956521739,69
2022,410260,BARRACÃO,PR,B,73,85.88235294117646,85
2022,410275,BELA VISTA DA CAROBA,PR,B,83,93.25842696629213,89
2022,410290,BITURUNA,PR,B,337,73.58078602620087,458
2022,410305,BOA VISTA DA APARECIDA,PR,B,117,93.60000000000001,125
2022,410315,BOM JESUS DO SUL,PR,B,80,96.3855421686747,83
2022,410322,BOM SUCESSO DO SUL,PR,B,13,72.22222222222221,18
2022,410347,CAFEZAL DO SUL,PR,B,89,94.68085106382979,94
2022,410370,CAMBÉ,PR,B,302,88.56304985337243,341
2022,410380,CAMBIRA,PR,B,114,94.21487603305785,121
2022,410390,CAMPINA DA LAGOA,PR,B,265,85.48387096774194,310
2022,410425,CAMPO MAGRO,PR,B,70,95.8904109589041,73
2022,410480,CASCAVEL,PR,B,386,93.01204819277108,415
2022,410510,CENTENÁRIO DO SUL,PR,B,35,94.5945945945946,37
2022,410520,CERRO AZUL,PR,B,151,94.375,160
2022,410530,CÉU AZUL,PR,B,13,86.66666666666667,15
2022,410540,CHOPINZINHO,PR,B,81,90,90
2022,410550,CIANORTE,PR,B,139,93.91891891891892,148
2022,410570,CLEVELÂNDIA,PR,B,29,93.54838709677419,31
2022,410645,CORONEL DOMINGOS SOARES,PR,B,64,86.48648648648648,74
2022,410650,CORONEL VIVIDA,PR,B,63,90,70
2022,410657,CRUZEIRO DO IGUAÇU,PR,B,54,80.59701492537313,67
2022,410660,CRUZEIRO DO OESTE,PR,B,121,86.42857142857143,140
2022,410720,DOIS VIZINHOS,PR,B,342,77.72727272727272,440
2022,410773,FERNANDES PINHEIRO,PR,B,24,82.75862068965517,29
2022,410830,FOZ DO IGUAÇU,PR,B,620,87.6944837340877,707
2022,410850,GENERAL CARNEIRO,PR,B,35,71.42857142857143,49
2022,410855,GODOY MOREIRA,PR,B,14,100,14
2022,410860,GOIOERÊ,PR,B,181,84.57943925233646,214
2022,410940,GUARAPUAVA,PR,B,40,90.9090909090909,44
2022,410965,HONÓRIO SERPA,PR,B,12,42.857142857142854,28
2022,410980,IBIPORÃ,PR,B,94,90.38461538461539,104
2022,411010,IMBITUVA,PR,B,459,96.83544303797468,474
2022,411040,INDIANÓPOLIS,PR,B,46,88.46153846153845,52
2022,411050,IPIRANGA,PR,B,107,98.1651376146789,109
2022,411065,IRACEMA DO OESTE,PR,B,13,92.85714285714286,14
2022,411070,IRATI,PR,B,175,95.1086956521739,184
2022,411095,ITAIPULÂNDIA,PR,B,244,92.42424242424242,264
2022,411150,IVAIPORÃ,PR,B,21,100,21
2022,411200,JAGUARIAÍVA,PR,B,280,94.5945945945946,296
2022,411220,JANIÓPOLIS,PR,B,22,100,22
2022,411230,JAPIRA,PR,B,28,96.55172413793103,29
2022,411295,JURANDA,PR,B,151,93.20987654320987,162
2022,411330,LARANJEIRAS DO SUL,PR,B,251,90.61371841155234,277
2022,411340,LEÓPOLIS,PR,B,67,68.36734693877551,98
2022,411360,LOBATO,PR,B,58,86.56716417910447,67
2022,411370,LONDRINA,PR,B,69,87.34177215189874,79
2022,411390,MALLET,PR,B,84,96.55172413793103,87
2022,411440,MANGUEIRINHA,PR,B,112,92.56198347107438,121
2022,411480,MARIALVA,PR,B,86,88.65979381443299,97
2022,411510,MARILUZ,PR,B,71,94.66666666666667,75
2022,411530,MARIÓPOLIS,PR,B,19,100,19
2022,411560,MATELÂNDIA,PR,B,25,100,25
2022,411573,MATO RICO,PR,B,33,67.3469387755102,49
2022,411580,MEDIANEIRA,PR,B,31,86.11111111111111,36
2022,411605,MISSAL,PR,B,163,87.16577540106952,187
2022,411650,NOVA ALIANÇA DO IVAÍ,PR,B,28,100,28
2022,411695,NOVA ESPERANÇA DO SUDOESTE,PR,B,26,92.85714285714286,28
2022,411727,NOVA TEBAS,PR,B,28,77.77777777777779,36
2022,411780,PALMITAL,PR,B,225,94.53781512605042,238
2022,411790,PALOTINA,PR,B,11,78.57142857142857,14
2022,411820,PARANAGUÁ,PR,B,85,97.70114942528735,87
2022,411845,PATO BRAGADO,PR,B,54,78.26086956521739,69
2022,411850,PATO BRANCO,PR,B,74,100,74
2022,411870,PAULO FRONTIN,PR,B,97,87.38738738738738,111
2022,411885,PEROBAL,PR,B,106,95.4954954954955,111
2022,411900,PÉROLA D'OESTE,PR,B,74,82.22222222222221,90
2022,411910,PIÊN,PR,B,75,97.40259740259741,77
2022,411915,PINHAIS,PR,B,360,81.44796380090497,442
2022,411950,PIRAQUARA,PR,B,132,75,176
2022,411990,PONTA GROSSA,PR,B,184,93.87755102040816,196
2022,412030,PORTO VITÓRIA,PR,B,60,89.55223880597015,67
2022,412035,PRANCHITA,PR,B,221,89.83739837398373,246
2022,412040,PRESIDENTE CASTELO BRANCO,PR,B,17,85,20
2022,412070,QUATIGUÁ,PR,B,98,89.90825688073394,109
2022,412080,QUATRO BARRAS,PR,B,130,85.52631578947368,152
2022,412090,QUEDAS DO IGUAÇU,PR,B,33,94.28571428571428,35
2022,412120,QUITANDINHA,PR,B,25,100,25
2022,412140,REALEZA,PR,B,20,90.9090909090909,22
2022,412150,REBOUÇAS,PR,B,37,90.2439024390244,41
2022,412200,RIO AZUL,PR,B,10,100,10
2022,412210,RIO BOM,PR,B,58,96.66666666666667,60
2022,412215,RIO BONITO DO IGUAÇU,PR,B,73,85.88235294117646,85
2022,412250,RONCADOR,PR,B,181,97.31182795698925,186
2022,412300,SALTO DO LONTRA,PR,B,425,91.39784946236558,465
2022,412340,SANTA FÉ,PR,B,49,89.0909090909091,55
2022,412350,SANTA HELENA,PR,B,95,81.89655172413794,116
2022,412370,SANTA ISABEL DO IVAÍ,PR,B,97,79.50819672131148,122
2022,412400,SANTANA DO ITARARÉ,PR,B,90,89.10891089108911,101
2022,412402,SANTA TEREZA DO OESTE,PR,B,105,91.30434782608695,115
2022,412405,SANTA TEREZINHA DE ITAIPU,PR,B,75,86.20689655172413,87
2022,412440,SANTO ANTÔNIO DO SUDOESTE,PR,B,10,76.92307692307693,13
2022,412510,SÃO JOÃO DO TRIUNFO,PR,B,84,94.3820224719101,89
2022,412550,SÃO JOSÉ DOS PINHAIS,PR,B,52,89.65517241379311,58
2022,412555,SÃO MANOEL DO PARANÁ,PR,B,52,89.65517241379311,58
2022,412560,SÃO MATEUS DO SUL,PR,B,51,89.47368421052632,57
2022,412570,SÃO MIGUEL DO IGUAÇU,PR,B,174,88.77551020408163,196
2022,412627,SAUDADE DO IGUAÇU,PR,B,16,94.11764705882352,17
2022,412667,TAMARANA,PR,B,73,89.02439024390245,82
2022,412710,TELÊMACO BORBA,PR,B,65,85.52631578947368,76
2022,412750,TIBAGI,PR,B,17,94.44444444444444,18
2022,412770,TOLEDO,PR,B,17,73.91304347826086,23
2022,412780,TOMAZINA,PR,B,48,82.75862068965517,58
2022,412795,TUPÃSSI,PR,B,19,76,25
2022,412796,TURVO,PR,B,45,81.81818181818183,55
2022,412810,UMUARAMA,PR,B,231,92.4,250
2022,412870,VITORINO,PR,B,92,97.87234042553192,94
2022,330015,APERIBÉ,RJ,B,59,86.76470588235294,68
2022,330020,ARARUAMA,RJ,B,50,86.20689655172413,58
2022,330025,ARRAIAL DO CABO,RJ,B,62,95.38461538461539,65
2022,330040,BARRA MANSA,RJ,B,976,86.21908127208481,1132
2022,330060,BOM JESUS DO ITABAPOANA,RJ,B,154,88,175
2022,330100,CAMPOS DOS GOYTACAZES,RJ,B,27,96.42857142857143,28
2022,330120,CARMO,RJ,B,13,92.85714285714286,14
2022,330140,CONCEIÇÃO DE MACABU,RJ,B,30,88.23529411764706,34
2022,330180,ENGENHEIRO PAULO DE FRONTIN,RJ,B,11,100,11
2022,330185,GUAPIMIRIM,RJ,B,60,90.9090909090909,66
2022,330200,ITAGUAÍ,RJ,B,158,93.49112426035504,169
2022,330220,ITAPERUNA,RJ,B,311,94.52887537993921,329
2022,330227,JAPERI,RJ,B,11,91.66666666666666,12
2022,330240,MACAÉ,RJ,B,11,78.57142857142857,14
2022,330250,MAGÉ,RJ,B,749,90.78787878787878,825
2022,330260,MANGARATIBA,RJ,B,57,89.0625,64
2022,330270,MARICÁ,RJ,B,54,83.07692307692308,65
2022,330280,MENDES,RJ,B,36,87.8048780487805,41
2022,330285,MESQUITA,RJ,B,49,96.07843137254902,51
2022,330330,NITERÓI,RJ,B,14,82.35294117647058,17
2022,330340,NOVA FRIBURGO,RJ,B,15,93.75,16
2022,330350,NOVA IGUAÇU,RJ,B,345,92.24598930481284,374
2022,330360,PARACAMBI,RJ,B,83,95.40229885057471,87
2022,330370,PARAÍBA DO SUL,RJ,B,542,80.77496274217586,671
2022,330390,PETRÓPOLIS,RJ,B,234,88.30188679245283,265
2022,330400,PIRAÍ,RJ,B,13,100,13
2022,330415,QUISSAMÃ,RJ,B,409,93.37899543378995,438
2022,330420,RESENDE,RJ,B,15,60,25
2022,330430,RIO BONITO,RJ,B,149,92.54658385093167,161
2022,330480,SÃO FIDÉLIS,RJ,B,19,82.6086956521739,23
2022,330490,SÃO GONÇALO,RJ,B,549,92.11409395973155,596
2022,330520,SÃO PEDRO DA ALDEIA,RJ,B,92,97.87234042553192,94
2022,330530,SÃO SEBASTIÃO DO ALTO,RJ,B,146,92.40506329113924,158
2022,330540,SAPUCAIA,RJ,B,28,87.5,32
2022,330555,SEROPÉDICA,RJ,B,217,94.34782608695652,230
2022,330560,SILVA JARDIM,RJ,B,13,86.66666666666667,15
2022,330580,TERESÓPOLIS,RJ,B,87,90.625,96
2022,330600,TRÊS RIOS,RJ,B,56,62.92134831460674,89
2022,330610,VALENÇA,RJ,B,558,92.3841059602649,604
2022,330620,VASSOURAS,RJ,B,185,93.43434343434343,198
2022,330630,VOLTA REDONDA,RJ,B,36,81.81818181818183,44
2022,140002,AMAJARI,RR,D,30,96.7741935483871,31
2022,140010,BOA VISTA,RR,D,10,100,10
2022,140017,CANTÁ,RR,D,224,96.13733905579399,233
2022,140045,PACARAIMA,RR,D,22,100,22
2022,430003,ACEGUÁ,RS,B,77,84.61538461538461,91
2022,430040,ALEGRETE,RS,B,22,91.66666666666666,24
2022,430060,ALVORADA,RS,B,428,84.25196850393701,508
2022,430080,ANTÔNIO PRADO,RS,B,22,100,22
2022,430087,ARARICÁ,RS,B,29,78.37837837837837,37
2022,430090,ARATIBA,RS,B,46,70.76923076923077,65
2022,430120,ARROIO DO TIGRE,RS,B,129,86,150
2022,430190,BARRA DO RIBEIRO,RS,B,55,96.49122807017544,57
2022,430200,BARROS CASSAL,RS,B,113,87.59689922480621,129
2022,430210,BENTO GONÇALVES,RS,B,366,81.69642857142857,448
2022,430222,BOA VISTA DO CADEADO,RS,B,22,95.65217391304348,23
2022,430265,BROCHIER,RS,B,24,85.71428571428571,28
2022,430420,CANDELÁRIA,RS,B,94,96.90721649484536,97
2022,430440,CANELA,RS,B,221,51.63551401869159,428
2022,430460,CANOAS,RS,B,140,90.9090909090909,154
2022,430463,CAPÃO DA CANOA,RS,B,16,80,20
2022,430468,CAPELA DE SANTANA,RS,B,149,82.32044198895028,181
2022,430469,CAPITÃO,RS,B,67,83.75,80
2022,430490,CASCA,RS,B,84,81.55339805825243,103
2022,430495,CASEIROS,RS,B,47,97.91666666666666,48
2022,430520,CERRO LARGO,RS,B,15,93.75,16
2022,430530,CHAPADA,RS,B,104,92.03539823008849,113
2022,430535,CHARQUEADAS,RS,B,19,7.142857142857142,266
2022,430544,CHUVISCA,RS,B,10,83.33333333333334,12
2022,430545,CIDREIRA,RS,B,82,97.61904761904762,84
2022,430550,CIRÍACO,RS,B,15,93.75,16
2022,430558,COLINAS,RS,B,21,63.63636363636363,33
2022,430560,COLORADO,RS,B,15,93.75,16
2022,430593,CORONEL PILAR,RS,B,13,72.22222222222221,18
2022,430597,COXILHA,RS,B,12,100,12
2022,430605,CRISTAL,RS,B,47,94,50
2022,430610,CRUZ ALTA,RS,B,322,94.70588235294117,340
2022,430620,CRUZEIRO DO SUL,RS,B,45,84.90566037735849,53
2022,430630,DAVID CANABARRO,RS,B,24,96,25
2022,430642,DOIS IRMÃOS DAS MISSÕES,RS,B,49,94.23076923076923,52
2022,430675,DOUTOR RICARDO,RS,B,18,94.73684210526315,19
2022,430693,ENTRE-IJUÍS,RS,B,104,85.24590163934425,122
2022,430750,ESPUMOSO,RS,B,23,95.83333333333334,24
2022,430770,ESTEIO,RS,B,23,82.14285714285714,28
2022,430780,ESTRELA,RS,B,107,96.3963963963964,111
2022,430783,EUGÊNIO DE CASTRO,RS,B,36,90,40
2022,430790,FARROUPILHA,RS,B,16,94.11764705882352,17
2022,430845,FORTALEZA DOS VALOS,RS,B,34,66.66666666666666,51
2022,430850,FREDERICO WESTPHALEN,RS,B,49,84.48275862068965,58
2022,430865,GARRUCHOS,RS,B,45,93.75,48
2022,430885,GENTIL,RS,B,16,94.11764705882352,17
2022,430915,GRAMADO XAVIER,RS,B,29,87.87878787878788,33
2022,430920,GRAVATAÍ,RS,B,458,88.2466281310212,519
2022,430955,HARMONIA,RS,B,59,84.28571428571429,70
2022,430970,HUMAITÁ,RS,B,41,85.41666666666666,48
2022,431000,IBIRUBÁ,RS,B,229,78.69415807560138,291
2022,431010,IGREJINHA,RS,B,268,86.17363344051448,311
2022,431033,IMBÉ,RS,B,11,91.66666666666666,12
2022,431043,IPÊ,RS,B,46,90.19607843137256,51
2022,431112,JAQUIRANA,RS,B,49,94.23076923076923,52
2022,431115,JÓIA,RS,B,33,91.66666666666666,36
2022,431130,LAGOA VERMELHA,RS,B,90,100,90
2022,431140,LAJEADO,RS,B,331,74.7178329571106,443
2022,431162,LINDOLFO COLLOR,RS,B,100,86.95652173913044,115
2022,431173,MAMPITUBA,RS,B,10,100,10
2022,431230,MIRAGUAÍ,RS,B,41,78.84615384615384,52
2022,431240,MONTENEGRO,RS,B,153,87.93103448275862,174
2022,431245,MORRO REDONDO,RS,B,10,100,10
2022,431260,MUÇUM,RS,B,111,96.52173913043478,115
2022,431295,NOVA BOA VISTA,RS,B,37,72.54901960784314,51
2022,431300,NOVA BRÉSCIA,RS,B,49,80.32786885245902,61
2022,431306,NOVA HARTZ,RS,B,11,100,11
2022,431330,NOVA PRATA,RS,B,43,93.47826086956522,46
2022,431340,NOVO HAMBURGO,RS,B,470,87.36059479553904,538
2022,431346,NOVO XINGU,RS,B,32,86.48648648648648,37
2022,431350,OSÓRIO,RS,B,107,92.24137931034483,116
2022,431360,PAIM FILHO,RS,B,12,80,15
2022,431395,PANTANO GRANDE,RS,B,35,89.74358974358975,39
2022,431400,PARAÍ,RS,B,127,77.4390243902439,164
2022,431402,PARAÍSO DO SUL,RS,B,20,95.23809523809523,21
2022,431406,PASSA SETE,RS,B,55,87.3015873015873,63
2022,431417,PEDRAS ALTAS,RS,B,16,80,20
2022,431454,PINTO BANDEIRA,RS,B,37,74,50
2022,431478,PONTE PRETA,RS,B,19,76,25
2022,431490,PORTO ALEGRE,RS,B,45,91.83673469387756,49
2022,431535,QUINZE DE NOVEMBRO,RS,B,47,81.03448275862068,58
2022,431570,RIO PARDO,RS,B,95,90.47619047619048,105
2022,431610,RONDA ALTA,RS,B,13,86.66666666666667,15
2022,431643,SALDANHA MARINHO,RS,B,36,90,40
2022,431645,SALTO DO JACUÍ,RS,B,31,96.875,32
2022,431650,SALVADOR DO SUL,RS,B,104,85.24590163934425,122
2022,431680,SANTA CRUZ DO SUL,RS,B,183,90.5940594059406,202
2022,431690,SANTA MARIA,RS,B,97,85.84070796460178,113
2022,431720,SANTA ROSA,RS,B,438,88.66396761133603,494
2022,431755,SANTO ANTÔNIO DO PALMA,RS,B,12,92.3076923076923,13
2022,431760,SANTO ANTÔNIO DA PATRULHA,RS,B,243,84.66898954703834,287
2022,431770,SANTO ANTÔNIO DAS MISSÕES,RS,B,29,100,29
2022,431800,SÃO BORJA,RS,B,234,96.69421487603306,242
2022,431810,SÃO FRANCISCO DE ASSIS,RS,B,48,70.58823529411765,68
2022,431842,SÃO JOÃO DA URTIGA,RS,B,16,100,16
2022,431843,SÃO JOÃO DO POLÊSINE,RS,B,48,76.19047619047619,63
2022,431846,SÃO JOSÉ DO HERVAL,RS,B,22,91.66666666666666,24
2022,431848,SÃO JOSÉ DO HORTÊNCIO,RS,B,53,80.3030303030303,66
2022,431861,SÃO JOSÉ DO SUL,RS,B,57,65.51724137931035,87
2022,431870,SÃO LEOPOLDO,RS,B,24,96,25
2022,431880,SÃO LOURENÇO DO SUL,RS,B,250,87.41258741258741,286
2022,431935,SÃO PEDRO DA SERRA,RS,B,71,79.7752808988764,89
2022,431970,SÃO VALENTIM,RS,B,21,100,21
2022,431990,SAPIRANGA,RS,B,20,100,20
2022,432000,SAPUCAIA DO SUL,RS,B,236,85.1985559566787,277
2022,432020,SEBERI,RS,B,77,85.55555555555556,90
2022,432030,SELBACH,RS,B,16,94.11764705882352,17
2022,432040,SERAFINA CORRÊA,RS,B,127,94.77611940298507,134
2022,432050,SERTÃO,RS,B,64,85.33333333333334,75
2022,432067,SINIMBU,RS,B,59,93.65079365079364,63
2022,432070,SOBRADINHO,RS,B,199,84.32203389830508,236
2022,432090,TAPEJARA,RS,B,42,53.16455696202531,79
2022,432120,TAQUARA,RS,B,58,85.29411764705883,68
2022,432145,TEUTÔNIA,RS,B,199,81.22448979591836,245
2022,432160,TRAMANDAÍ,RS,B,69,85.18518518518519,81
2022,432162,TRAVESSEIRO,RS,B,21,72.41379310344827,29
2022,432166,TRÊS CACHOEIRAS,RS,B,47,78.33333333333333,60
2022,432215,TUNAS,RS,B,89,98.88888888888889,90
2022,432237,UNISTALDA,RS,B,32,86.48648648648648,37
2022,432240,URUGUAIANA,RS,B,119,89.47368421052632,133
2022,432260,VENÂNCIO AIRES,RS,B,16,94.11764705882352,17
2022,432270,VERA CRUZ,RS,B,50,92.5925925925926,54
2022,432285,VESPASIANO CORREA,RS,B,32,94.11764705882352,34
2022,432300,VIAMÃO,RS,B,586,94.8220064724919,618
2022,432320,VICTOR GRAEFF,RS,B,39,88.63636363636364,44
2022,432350,VISTA ALEGRE,RS,B,41,62.121212121212125,66
2022,432360,VISTA ALEGRE DO PRATA,RS,B,16,100,16
2022,420010,ABELARDO LUZ,SC,B,345,89.37823834196891,386
2022,420030,AGRONÔMICA,SC,B,17,89.47368421052632,19
2022,420055,ÁGUAS FRIAS,SC,B,97,97.97979797979798,99
2022,420130,ARAQUARI,SC,B,118,95.9349593495935,123
2022,420140,ARARANGUÁ,SC,B,20,100,20
2022,420165,ARVOREDO,SC,B,49,84.48275862068965,58
2022,420195,BALNEÁRIO ARROIO DO SILVA,SC,B,23,76.66666666666667,30
2022,420200,BALNEÁRIO CAMBORIÚ,SC,B,396,41.94915254237288,944
2022,420220,BENEDITO NOVO,SC,B,55,94.82758620689656,58
2022,420240,BLUMENAU,SC,B,81,54,150
2022,420253,BOM JESUS,SC,B,59,93.65079365079364,63
2022,420257,BOM JESUS DO OESTE,SC,B,33,94.28571428571428,35
2022,420270,BOTUVERÁ,SC,B,13,100,13
2022,420290,BRUSQUE,SC,B,121,94.53125,128
2022,420350,CAMPO ERÊ,SC,B,146,95.42483660130719,153
2022,420360,CAMPOS NOVOS,SC,B,39,88.63636363636364,44
2022,420370,CANELINHA,SC,B,244,91.04477611940298,268
2022,420417,CERRO NEGRO,SC,B,24,40.67796610169492,59
2022,420420,CHAPECÓ,SC,B,156,91.22807017543859,171
2022,420425,COCAL DO SUL,SC,B,269,82.26299694189603,327
2022,420430,CONCÓRDIA,SC,B,329,86.3517060367454,381
2022,420450,CORUPÁ,SC,B,93,94.89795918367348,98
2022,420460,CRICIÚMA,SC,B,86,75.43859649122807,114
2022,420480,CURITIBANOS,SC,B,21,100,21
2022,420490,DESCANSO,SC,B,47,66.19718309859155,71
2022,420500,DIONÍSIO CERQUEIRA,SC,B,90,86.53846153846155,104
2022,420519,ERMO,SC,B,26,92.85714285714286,28
2022,420530,FAXINAL DOS GUEDES,SC,B,13,86.66666666666667,15
2022,420535,FLOR DO SERTÃO,SC,B,31,75.60975609756098,41
2022,420543,FORMOSA DO SUL,SC,B,87,87,100
2022,420545,FORQUILHINHA,SC,B,463,87.03007518796993,532
2022,420550,FRAIBURGO,SC,B,212,93.3920704845815,227
2022,420590,GASPAR,SC,B,145,84.30232558139535,172
2022,420600,GOVERNADOR CELSO RAMOS,SC,B,122,91.04477611940298,134
2022,420630,GUABIRUBA,SC,B,62,91.17647058823529,68
2022,420650,GUARAMIRIM,SC,B,62,92.53731343283582,67
2022,420700,IÇARA,SC,B,61,81.33333333333333,75
2022,420757,IOMERÊ,SC,B,10,83.33333333333334,12
2022,420775,IRACEMINHA,SC,B,58,95.08196721311475,61
2022,420790,IRINEÓPOLIS,SC,B,148,78.3068783068783,189
2022,420830,ITAPEMA,SC,B,196,64.26229508196721,305
2022,420880,JAGUARUNA,SC,B,324,86.4,375
2022,420895,JARDINÓPOLIS,SC,B,37,92.5,40
2022,420910,JOINVILLE,SC,B,55,88.70967741935483,62
2022,420917,JUPIÁ,SC,B,35,85.36585365853658,41
2022,420945,LAJEADO GRANDE,SC,B,61,93.84615384615384,65
2022,420960,LAURO MULLER,SC,B,225,86.53846153846155,260
2022,421000,LUIZ ALVES,SC,B,53,81.53846153846153,65
2022,421003,LUZERNA,SC,B,23,82.14285714285714,28
2022,421005,MACIEIRA,SC,B,13,92.85714285714286,14
2022,421010,MAFRA,SC,B,12,92.3076923076923,13
2022,421050,MARAVILHA,SC,B,85,77.98165137614679,109
2022,421055,MAREMA,SC,B,62,87.32394366197182,71
2022,421080,MELEIRO,SC,B,22,84.61538461538461,26
2022,421090,MODELO,SC,B,67,85.8974358974359,78
2022,421120,MORRO DA FUMAÇA,SC,B,24,92.3076923076923,26
2022,421125,MORRO GRANDE,SC,B,128,97.70992366412213,131
2022,421130,NAVEGANTES,SC,B,12,80,15
2022,421145,NOVA ITABERABA,SC,B,31,77.5,40
2022,421150,NOVA TRENTO,SC,B,348,89.92248062015504,387
2022,421165,NOVO HORIZONTE,SC,B,11,84.61538461538461,13
2022,421185,OURO VERDE,SC,B,57,90.47619047619048,63
2022,421190,PALHOÇA,SC,B,219,79.34782608695652,276
2022,421227,PASSOS MAIA,SC,B,34,94.44444444444444,36
2022,421260,PERITIBA,SC,B,48,94.11764705882352,51
2022,421300,PINHEIRO PRETO,SC,B,24,88.88888888888889,27
2022,421320,POMERODE,SC,B,129,72.06703910614524,179
2022,421380,PRAIA GRANDE,SC,B,12,80,15
2022,421390,PRESIDENTE CASTELLO BRANCO,SC,B,18,51.42857142857142,35
2022,421420,QUILOMBO,SC,B,15,100,15
2022,421440,RIO DAS ANTAS,SC,B,106,86.1788617886179,123
2022,421500,RIO NEGRINHO,SC,B,20,100,20
2022,421510,RODEIO,SC,B,11,78.57142857142857,14
2022,421535,SALTINHO,SC,B,69,89.6103896103896,77
2022,421540,SALTO VELOSO,SC,B,71,88.75,80
2022,421555,SANTA HELENA,SC,B,49,87.5,56
2022,421565,SANTA ROSA DO SUL,SC,B,25,80.64516129032258,31
2022,421620,SÃO FRANCISCO DO SUL,SC,B,40,100,40
2022,421625,SÃO JOÃO DO OESTE,SC,B,115,82.73381294964028,139
2022,421660,SÃO JOSÉ,SC,B,1445,50.93408530137469,2837
2022,421720,SÃO MIGUEL DO OESTE,SC,B,118,88.7218045112782,133
2022,421730,SAUDADES,SC,B,268,87.58169934640523,306
2022,421770,SOMBRIO,SC,B,97,60.62499999999999,160
2022,421795,TIGRINHOS,SC,B,58,93.54838709677419,62
2022,421800,TIJUCAS,SC,B,153,86.93181818181817,176
2022,421810,TIMBÉ DO SUL,SC,B,52,94.54545454545455,55
2022,421820,TIMBÓ,SC,B,359,84.86997635933807,423
2022,421835,TREVISO,SC,B,106,82.8125,128
2022,421860,TROMBUDO CENTRAL,SC,B,21,95.45454545454545,22
2022,421870,TUBARÃO,SC,B,60,80,75
2022,421875,TUNÁPOLIS,SC,B,27,75,36
2022,421880,TURVO,SC,B,239,93.72549019607843,255
2022,421890,URUBICI,SC,B,178,82.4074074074074,216
2022,421900,URUSSANGA,SC,B,637,96.66160849772383,659
2022,421910,VARGEÃO,SC,B,25,96.15384615384616,26
2022,421940,WITMARSUM,SC,B,57,98.27586206896551,58
2022,421950,XANXERÊ,SC,B,37,97.36842105263158,38
2022,421960,XAVANTINA,SC,B,33,91.66666666666666,36
2022,421970,XAXIM,SC,B,70,94.5945945945946,74
2022,350030,AGUAÍ,SP,B,38,97.43589743589743,39
2022,350080,ALFREDO MARCONDES,SP,B,12,14.634146341463413,82
2022,350120,ÁLVARES FLORENCE,SP,B,49,90.74074074074075,54
2022,350270,APIAÍ,SP,B,293,94.21221864951768,311
2022,350280,ARAÇATUBA,SP,B,33,80.48780487804879,41
2022,350315,ARAPEÍ,SP,B,45,100,45
2022,350350,AREIAS,SP,B,17,100,17
2022,350360,AREIÓPOLIS,SP,B,52,100,52
2022,350390,ARUJÁ,SP,B,315,91.30434782608695,345
2022,350400,ASSIS,SP,B,40,93.02325581395348,43
2022,350570,BARUERI,SP,B,2990,83.61297539149888,3576
2022,350580,BASTOS,SP,B,261,82.0754716981132,318
2022,350600,BAURU,SP,B,347,91.0761154855643,381
2022,350650,BIRIGUI,SP,B,48,90.56603773584906,53
2022,350780,BRODOWSKI,SP,B,34,17.801047120418847,191
2022,350850,CAÇAPAVA,SP,B,522,94.56521739130434,552
2022,350920,CAJAMAR,SP,B,12,92.3076923076923,13
2022,350970,CAMPOS DO JORDÃO,SP,B,38,100,38
2022,351040,CAPIVARI,SP,B,601,83.35644937586684,721
2022,351050,CARAGUATATUBA,SP,B,852,94.14364640883977,905
2022,351080,CASA BRANCA,SP,B,47,90.38461538461539,52
2022,351100,CASTILHO,SP,B,28,90.32258064516128,31
2022,351280,COSMÓPOLIS,SP,B,58,87.87878787878788,66
2022,351370,DESCALVADO,SP,B,142,86.06060606060606,165
2022,351380,DIADEMA,SP,B,854,84.4708209693373,1011
2022,351512,EMILIANÓPOLIS,SP,B,17,85,20
2022,351540,FARTURA,SP,B,184,95.83333333333334,192
2022,351550,FERNANDÓPOLIS,SP,B,368,90.19607843137256,408
2022,351640,FRANCO DA ROCHA,SP,B,230,89.49416342412452,257
2022,351800,GUARANI D'OESTE,SP,B,22,95.65217391304348,23
2022,351820,GUARARAPES,SP,B,62,92.53731343283582,67
2022,351860,GUARIBA,SP,B,50,98.0392156862745,51
2022,351880,GUARULHOS,SP,B,19,67.85714285714286,28
2022,351885,GUATAPARÁ,SP,B,27,93.10344827586206,29
2022,351907,HORTOLÂNDIA,SP,B,13,86.66666666666667,15
2022,352000,IGARAÇU DO TIETÊ,SP,B,221,94.44444444444444,234
2022,352020,IGARATÁ,SP,B,20,76.92307692307693,26
2022,352070,INDIAPORÃ,SP,B,23,38.333333333333336,60
2022,352230,ITAPETININGA,SP,B,122,95.3125,128
2022,352260,ITAPIRA,SP,B,67,79.76190476190477,84
2022,352300,ITAPURA,SP,B,50,94.33962264150944,53
2022,352340,ITATIBA,SP,B,126,92.64705882352942,136
2022,352420,JABORANDI,SP,B,104,95.41284403669725,109
2022,352500,JANDIRA,SP,B,27,79.41176470588235,34
2022,352580,JÚLIO MESQUITA,SP,B,22,100,22
2022,352600,JUNQUEIRÓPOLIS,SP,B,140,90.9090909090909,154
2022,352670,LEME,SP,B,23,88.46153846153845,26
2022,352690,LIMEIRA,SP,B,16,94.11764705882352,17
2022,352710,LINS,SP,B,151,77.83505154639175,194
2022,352720,LORENA,SP,B,10,71.42857142857143,14
2022,352725,LOURDES,SP,B,42,77.77777777777779,54
2022,352780,LUPÉRCIO,SP,B,12,100,12
2022,352810,MACAUBAL,SP,B,105,90.51724137931035,116
2022,352820,MACEDÔNIA,SP,B,12,75,16
2022,352850,MAIRIPORÃ,SP,B,29,72.5,40
2022,352920,MARTINÓPOLIS,SP,B,203,72.75985663082437,279
2022,352940,MAUÁ,SP,B,15,11.627906976744185,129
2022,353020,MIRANTE DO PARANAPANEMA,SP,B,26,76.47058823529412,34
2022,353060,MOGI DAS CRUZES,SP,B,12,92.3076923076923,13
2022,353080,MOGI MIRIM,SP,B,13,92.85714285714286,14
2022,353286,NOVA CASTILHO,SP,B,11,84.61538461538461,13
2022,353360,NUPORANGA,SP,B,98,96.07843137254902,102
2022,353450,OSCAR BRESSANE,SP,B,31,86.11111111111111,36
2022,353475,OUROESTE,SP,B,22,84.61538461538461,26
2022,353490,PACAEMBU,SP,B,31,91.17647058823529,34
2022,353530,PALMITAL,SP,B,198,91.66666666666666,216
2022,353640,PAULICÉIA,SP,B,210,91.30434782608695,230
2022,353690,PEDRANÓPOLIS,SP,B,11,100,11
2022,353780,PIEDADE,SP,B,11,100,11
2022,353800,PINDAMONHANGABA,SP,B,79,79.7979797979798,99
2022,353860,PIRACAIA,SP,B,133,95,140
2022,353870,PIRACICABA,SP,B,2037,83.79267791032497,2431
2022,353940,PIRATININGA,SP,B,62,89.85507246376811,69
2022,353970,PLATINA,SP,B,31,93.93939393939394,33
2022,354000,POMPÉIA,SP,B,39,48.148148148148145,81
2022,354060,PORTO FELIZ,SP,B,10,100,10
2022,354260,REGISTRO,SP,B,14,93.33333333333333,15
2022,354320,RIBEIRÃO DO SUL,SP,B,18,100,18
2022,354340,RIBEIRÃO PRETO,SP,B,1818,83.97228637413396,2165
2022,354420,RIOLÂNDIA,SP,B,54,91.52542372881356,59
2022,354620,SANTA CRUZ DA CONCEIÇÃO,SP,B,25,83.33333333333334,30
2022,354660,SANTA FÉ DO SUL,SP,B,14,82.35294117647058,17
2022,354710,SANTA MERCEDES,SP,B,82,95.34883720930233,86
2022,354720,SANTANA DA PONTE PENSA,SP,B,19,86.36363636363636,22
2022,354730,SANTANA DE PARNAÍBA,SP,B,628,85.32608695652173,736
2022,354840,SANTÓPOLIS DO AGUAPEÍ,SP,B,84,97.67441860465115,86
2022,354890,SÃO CARLOS,SP,B,10,90.9090909090909,11
2022,354925,SÃO JOÃO DE IRACEMA,SP,B,17,100,17
2022,354960,SÃO JOSÉ DO BARREIRO,SP,B,10,90.9090909090909,11
2022,354980,SÃO JOSÉ DO RIO PRETO,SP,B,541,90.01663893510815,601
2022,354990,SÃO JOSÉ DOS CAMPOS,SP,B,34,80.95238095238095,42
2022,355020,SÃO MIGUEL ARCANJO,SP,B,187,91.66666666666666,204
2022,355030,SÃO PAULO,SP,B,117,92.85714285714286,126
2022,355060,SÃO ROQUE,SP,B,142,36.224489795918366,392
2022,355080,SÃO SEBASTIÃO DA GRAMA,SP,B,17,89.47368421052632,19
2022,355130,SEBASTIANÓPOLIS DO SUL,SP,B,53,92.98245614035088,57
2022,355140,SERRA AZUL,SP,B,20,95.23809523809523,21
2022,355170,SERTÃOZINHO,SP,B,202,65.79804560260585,307
2022,355300,TAGUAÍ,SP,B,430,82.53358925143954,521
2022,355320,TAIÚVA,SP,B,58,96.66666666666667,60
2022,355395,TARUMÃ,SP,B,33,100,33
2022,355410,TAUBATÉ,SP,B,74,84.0909090909091,88
2022,355570,UNIÃO PAULISTA,SP,B,24,88.88888888888889,27
2022,355635,VARGEM,SP,B,20,86.95652173913044,23
2022,355710,VOTUPORANGA,SP,B,666,92.11618257261411,723
